UserID,Reward,Android,Android_other,Age,Gender,Educ,Educ_other,Educ_year,Educ_year_other,Nation,Nation_other,Nation_year,Nation_Mom,Nation_Mom_other,Nation_Dad,Nation_Dad_Other,Group_type,Group_type_other,Group_familiar,Group_close,Alc_freq,NoAlc_reason1,NoAlc_reason2,NoAlc_reason3,NoAlc_reason4,NoAlc_reason5,NoAlc_reason6,NoAlc_reason_other,Alc_Freq_Past_Month,Binge_Freq_Past_Month,Alc_Quantity_Normal,Alc_Alone_Others,DMQ_1,DMQ_2,DMQ_3,DMQ_4,DMQ_5,DMQ_6,DMQ_7,DMQ_8,DMQ_9,DMQ_10,DMQ_11,DMQ_12,Alc_Att1,Alc_Att2,Alc_Att3,Alc_Att4,Alc_Att5,Alc_Att6,Alc_IN1,Alc_IN2,Alc_IN3,Alc_DN,Alc_Int1,Alc_Int2,Alc_Ass1,Alc_Ass2,Alc_Ass3,Alc_Ass4,Alc_Ass5,Alc_Ass6,Alc_Ass7,Alc_Ass8,Alc_Ass9,Alc_Ass10,Alc_Ass11,Alc_Ass12,Alc_Ass13,Alc_Ass14,Alc_Ass15,Proto_1,Proto_2,Proto_3,Proto_4,Proto_5,Proto_6,Proto_7,Proto_Like_Me,Sport_Freq_Past_Year,Sport_Quant_Normal,Sport_Alone_Other,Sport_Att1,Sport_Att2,Sport_IN1,Sport_IN2,Sport_DN,Sport_Int1,Sport_Int2,Snack_Freq_Past_Year,Snack_Quant_Normal,Snack_Alone_Other,Snack_Att1,Snack_Att2,Snack_IN1,Snack_IN2,Snack_DN,Snack_Int1,Snack_Int2,NFP_1,NFP_2,NFP_3,NFP_4,NFP_5,NFP_6,NFP_7,Lonely_1,Lonely_2,Lonely_3,Lonely_4,Lonely_5,Lonely_6,Lonely_7,Lonely_8,Big5_1,Big5_2,Big5_3,Big5_4,Big5_5,Big5_6,Big5_7,Big5_8,Big5_9,Big5_10,Big5_11,Big5_12,SNSID_1,SNSID_2,SNSID_3
106,1,2,NA,21,1,2,NA,3,NA,1,NA,NA,NA,NA,NA,NA,2,NA,7,7,8,NA,NA,NA,NA,NA,NA,NA,8,4,5,2,2,2,1,1,1,1,1,1,1,1,1,1,5,5,4,3,4,4,4,4,4,4,4,1,1,3,4,2,1,1,1,1,1,1,3,3,1,2,1,1,1,1,1,1,1,1,1,6,7,1,7,7,7,7,5,6,6,1,NA,NA,4,4,4,4,4,2,1,5,6,5,5,2,1,1,5,1,5,5,1,1,1,5,2,1,1,4,1,5,4,1,5,1,5,5,3,1,6
107,1,1,NA,21,1,4,NA,1,NA,1,NA,NA,NA,NA,NA,NA,2,NA,7,7,5,NA,NA,NA,NA,NA,NA,NA,5,4,2,2,5,4,4,2,2,5,4,4,3,2,2,4,6,5,2,2,5,4,4,3,4,3,7,3,4,4,4,4,4,4,4,4,2,3,3,3,4,4,4,4,1,3,4,2,2,2,3,3,6,2,6,7,6,7,2,7,7,5,1,1,2,2,2,3,5,2,1,5,5,3,4,1,1,1,5,1,4,5,1,1,1,4,2,3,2,3,1,4,4,2,4,2,5,3,5,4,5
108,1,2,NA,21,1,4,NA,1,NA,1,NA,NA,NA,NA,NA,NA,2,NA,7,6,5,NA,NA,NA,NA,NA,NA,NA,5,8,3,2,4,4,4,2,2,1,1,2,2,3,1,5,4,4,3,3,4,4,5,4,6,5,5,2,3,5,5,4,2,4,3,4,2,4,2,1,1,2,2,4,4,4,4,5,2,3,4,3,5,3,7,6,7,7,6,6,6,6,2,3,3,4,3,6,3,2,1,3,3,4,6,4,5,3,4,4,2,5,4,2,2,4,2,4,5,4,4,1,4,3,2,5,4,2,2,1,2
418,1,1,NA,21,1,4,NA,1,NA,1,NA,NA,NA,NA,NA,NA,2,NA,7,7,8,NA,NA,NA,NA,NA,NA,NA,8,8,7,2,3,5,4,1,1,1,1,1,1,1,1,5,6,6,5,4,4,4,5,5,7,6,7,6,3,4,5,2,4,4,1,3,1,3,2,5,1,2,3,4,3,3,3,3,2,2,5,5,7,2,7,7,7,7,4,7,6,9,2,3,4,4,4,4,4,4,4,2,5,2,5,2,1,1,5,1,5,5,1,1,1,5,2,1,2,5,1,3,5,2,3,2,5,4,1,1,4
110,1,1,NA,21,1,4,NA,1,NA,1,NA,NA,NA,NA,NA,NA,2,NA,7,6,3,NA,NA,NA,NA,NA,NA,NA,3,3,7,2,5,5,5,1,1,4,4,5,5,4,1,5,6,6,2,2,4,4,5,5,5,4,2,1,5,5,5,5,5,4,2,4,3,4,2,2,2,3,4,5,4,5,4,3,2,2,3,8,7,2,7,7,7,7,5,7,7,12,1,1,1,1,2,5,4,1,1,5,3,5,2,2,5,1,3,4,2,5,2,2,4,2,2,1,4,1,4,2,2,5,5,5,1,1,2,2,4
111,1,2,NA,21,1,2,NA,4,NA,1,NA,NA,NA,NA,NA,NA,2,NA,7,7,8,NA,NA,NA,NA,NA,NA,NA,8,8,6,2,3,5,5,1,1,1,1,2,1,3,2,4,5,5,4,4,4,3,5,4,7,5,6,4,2,4,4,2,2,4,1,3,1,3,3,3,2,2,3,1,1,1,1,1,1,1,3,4,7,2,6,5,4,7,4,3,5,4,1,3,4,4,4,7,4,5,4,2,2,5,2,1,2,1,5,2,5,5,1,1,1,4,3,1,2,4,2,4,4,2,5,3,2,2,2,1,1
112,1,2,NA,19,2,1,NA,2,NA,6,Polen,2001,6,Polen,6,Polen,2,NA,7,5,5,NA,NA,NA,NA,NA,NA,NA,6,5,4,2,3,4,4,1,1,1,1,1,1,4,4,5,6,6,4,5,4,4,6,5,5,4,7,5,4,4,4,4,1,3,1,1,1,4,1,2,1,1,1,5,5,1,5,5,1,2,3,1,NA,NA,7,7,7,7,5,6,5,7,1,3,2,2,5,7,4,2,2,5,1,1,6,1,2,1,5,1,5,5,1,1,1,5,2,4,4,4,3,2,5,2,4,2,5,3,1,2,4
469,1,1,NA,18,2,1,NA,1,NA,1,NA,NA,NA,NA,NA,NA,2,NA,7,6,8,NA,NA,NA,NA,NA,NA,NA,8,3,4,2,2,3,3,1,1,1,1,1,1,3,1,5,6,6,3,4,4,4,4,5,7,4,6,4,2,2,4,2,2,2,2,2,2,4,3,3,2,3,3,1,2,1,1,3,2,1,4,5,7,2,7,7,7,7,4,5,6,5,1,3,3,3,3,4,4,2,2,1,1,1,1,1,1,1,5,1,4,4,2,1,2,4,1,2,4,4,1,2,4,1,2,1,4,3,2,1,3
114,1,2,NA,19,2,1,NA,1,NA,1,NA,NA,NA,NA,NA,NA,2,NA,6,6,4,NA,NA,NA,NA,NA,NA,NA,4,3,4,2,2,4,3,1,2,1,1,1,1,4,1,4,6,2,5,3,4,4,3,4,5,5,5,2,3,3,4,3,3,4,2,3,2,4,3,2,1,2,1,2,2,3,3,3,2,3,4,5,7,3,7,1,7,7,6,7,7,10,3,3,2,2,2,2,4,2,2,1,1,1,1,1,1,1,4,1,5,4,1,1,1,5,4,1,2,5,1,4,3,2,3,2,4,2,4,4,5
115,1,2,NA,20,2,1,NA,2,NA,1,NA,NA,NA,NA,NA,NA,2,NA,7,5,1,NA,NA,NA,1,NA,NA,NA,NA,NA,0,NA,NA,NA,NA,NA,NA,NA,NA,NA,NA,NA,NA,NA,2,2,2,2,3,1,3,4,2,2,1,1,1,1,3,2,1,3,3,2,1,2,1,1,2,2,3,3,2,2,4,3,4,2,1,5,7,1,7,7,7,7,4,2,1,4,2,3,3,3,3,4,4,4,2,2,2,2,4,3,4,4,4,4,3,3,2,3,3,4,2,3,3,4,2,2,5,1,3,2,5,4,4,3,4
116,1,1,NA,21,2,4,NA,3,NA,1,NA,NA,NA,NA,NA,NA,3,NA,5,5,8,NA,NA,NA,NA,NA,NA,NA,5,2,4,2,4,4,4,1,4,1,2,3,4,4,1,4,6,6,3,5,5,5,6,6,6,6,4,1,4,4,4,4,2,2,1,3,1,4,3,3,1,4,4,4,3,4,4,2,2,2,5,5,6,3,7,7,7,7,5,6,6,8,3,3,4,4,4,4,7,6,6,5,5,1,5,1,1,1,4,3,3,2,2,2,2,4,1,2,2,4,1,2,4,3,4,2,4,2,5,2,3
117,1,2,NA,21,2,2,NA,3,NA,1,NA,NA,NA,NA,NA,NA,2,NA,6,4,4,NA,NA,NA,NA,NA,NA,NA,3,1,3,2,2,2,2,1,1,1,1,1,1,1,1,5,5,4,3,4,4,4,4,4,4,3,1,1,1,4,4,3,1,4,1,1,1,3,1,1,1,1,1,2,3,2,2,3,2,2,3,5,7,3,7,7,7,6,4,6,6,7,1,3,4,4,4,4,4,5,3,2,1,3,2,1,1,1,5,1,5,5,1,1,1,5,1,2,2,4,1,2,5,1,5,4,5,2,1,2,4
420,1,2,NA,21,2,2,NA,3,NA,6,Singapore,2015,1,NA,1,NA,2,NA,7,3,4,NA,NA,NA,NA,NA,NA,NA,4,3,4,2,5,5,4,3,3,2,4,3,2,4,2,5,5,4,5,5,5,4,6,6,6,5,5,2,4,5,5,5,4,4,3,2,2,4,4,4,1,3,3,3,3,3,5,4,3,2,5,4,6,3,7,7,7,7,5,6,5,5,1,2,2,2,4,4,5,3,3,4,3,3,1,2,2,1,4,3,4,5,3,2,3,4,4,1,2,2,3,1,5,3,3,3,5,3,5,5,5
119,1,2,NA,20,1,2,NA,2,NA,1,NA,NA,NA,NA,NA,NA,2,NA,5,5,3,NA,NA,NA,NA,NA,NA,NA,3,3,5,2,3,1,3,1,1,1,2,1,1,4,1,5,5,5,3,5,4,3,4,4,4,4,2,2,2,4,4,1,3,3,1,3,1,3,3,3,1,2,3,5,3,4,5,2,4,3,4,2,3,1,7,7,7,7,5,2,2,6,2,2,5,4,4,7,5,5,5,2,3,2,1,2,2,2,5,2,5,5,2,2,2,5,2,2,2,4,1,3,4,2,4,3,3,3,3,2,4
120,1,2,NA,22,2,1,NA,4,NA,1,NA,NA,NA,NA,NA,NA,7,Dispuut,7,6,5,NA,NA,NA,NA,NA,NA,NA,5,5,6,2,4,4,4,1,2,1,4,1,3,3,2,4,5,5,2,2,4,4,4,4,6,4,7,4,4,4,5,5,3,4,3,3,1,3,1,1,2,1,1,4,2,4,5,4,1,1,3,6,7,1,7,7,5,5,3,4,5,5,1,3,1,1,4,4,4,1,1,2,2,4,6,1,2,1,4,1,3,4,1,1,1,4,1,4,4,5,1,3,4,1,3,1,3,4,5,5,4
121,1,2,NA,19,2,1,NA,2,NA,1,NA,NA,NA,NA,NA,NA,2,NA,7,7,8,NA,NA,NA,NA,NA,NA,NA,5,8,3,2,4,3,4,1,1,1,1,2,1,3,1,5,6,4,4,4,5,5,4,4,7,5,7,4,4,4,4,4,3,2,2,1,2,3,2,3,1,1,3,5,4,4,5,4,4,3,3,3,7,3,7,7,7,7,5,2,3,6,1,2,2,1,2,5,4,2,3,2,1,1,6,1,1,1,5,1,1,4,1,1,1,4,1,4,2,2,1,2,5,2,2,3,5,3,2,3,4
122,1,2,NA,22,2,2,NA,3,NA,1,NA,NA,NA,NA,NA,NA,2,NA,6,6,8,NA,NA,NA,NA,NA,NA,NA,8,4,4,2,4,4,2,1,1,1,1,1,1,2,2,5,4,4,4,4,4,4,4,4,4,3,6,5,2,3,3,3,2,3,3,2,2,3,3,3,2,3,3,4,3,3,4,4,3,1,2,5,6,2,7,7,4,6,2,4,6,12,1,2,3,3,4,4,4,2,1,1,2,2,4,1,2,5,5,3,5,4,1,1,1,4,1,5,2,4,1,1,5,4,4,3,4,2,2,2,4
123,1,2,NA,19,2,2,NA,2,NA,1,NA,NA,NA,NA,NA,NA,2,NA,6,5,8,NA,NA,NA,NA,NA,NA,NA,8,4,3,2,1,4,1,1,2,2,2,1,1,4,1,4,4,5,4,4,4,4,4,4,7,5,7,2,4,4,4,3,4,3,2,2,2,3,3,1,1,3,2,4,2,4,4,6,2,3,4,5,6,3,7,7,7,7,4,7,7,8,2,3,3,3,3,3,5,2,2,5,5,2,6,2,3,5,5,1,4,5,1,1,1,5,1,2,3,4,1,4,5,1,4,1,4,5,6,3,5
124,1,2,NA,23,2,2,NA,4,NA,1,NA,NA,NA,NA,NA,NA,7,Dispuut,5,6,8,NA,NA,NA,NA,NA,NA,NA,8,8,8,2,4,3,3,2,2,1,2,1,1,4,2,4,6,5,4,3,5,5,6,6,7,5,7,6,4,4,4,4,4,4,2,2,1,2,4,3,1,4,4,5,4,5,5,2,2,2,5,5,6,2,7,7,7,7,5,7,6,5,1,3,5,4,6,6,5,5,4,4,5,2,3,2,2,1,5,2,4,5,1,2,1,5,1,3,2,5,1,4,5,2,4,3,5,4,5,2,6
125,1,2,NA,21,2,1,NA,4,NA,1,NA,NA,NA,NA,NA,NA,7,dispuut,7,6,4,NA,NA,NA,NA,NA,NA,NA,8,3,7,2,2,4,4,1,1,1,1,1,1,2,1,4,6,6,5,4,5,5,6,6,6,6,6,2,1,3,3,4,1,1,1,1,1,1,1,1,1,1,1,3,3,3,3,3,3,3,2,5,7,3,7,7,5,7,5,6,6,8,1,3,5,5,6,6,6,4,4,5,2,2,4,1,1,1,5,1,5,5,1,1,1,4,1,1,1,3,2,5,4,1,4,2,4,3,4,4,4
126,1,2,NA,24,2,4,NA,6,NA,1,NA,NA,NA,NA,NA,NA,7,Dispuutsgenoten,7,7,4,NA,NA,NA,NA,NA,NA,NA,8,6,6,2,5,5,2,1,1,1,1,2,1,5,1,5,7,7,3,5,4,5,4,5,7,7,7,1,4,5,5,2,3,3,1,1,1,4,4,4,1,4,4,6,3,4,6,2,1,1,6,1,NA,NA,7,7,7,7,6,1,1,5,2,3,3,3,4,6,4,5,1,4,4,7,5,2,1,1,5,4,5,4,3,2,1,5,2,1,1,5,4,5,5,1,5,3,5,5,2,2,5
127,1,1,NA,21,2,3,"Afgestudeerd bachelor, tussenjaar",7,afgestudeerd,1,NA,NA,NA,NA,NA,NA,7,Studentenvereniging,7,6,3,NA,NA,NA,NA,NA,NA,NA,3,3,6,2,5,5,5,1,1,2,4,5,4,4,1,5,6,6,1,2,5,2,6,6,6,6,5,5,4,2,5,3,4,2,4,4,2,1,1,2,2,3,3,5,1,2,5,5,2,2,4,5,7,1,7,7,7,7,4,6,6,6,4,3,2,1,4,4,6,2,1,4,5,5,2,5,5,1,4,2,4,4,1,4,1,4,1,4,4,5,1,3,5,1,3,3,5,2,4,4,5
128,1,2,NA,23,2,1,NA,4,NA,1,NA,NA,NA,NA,NA,NA,7,dispuut,5,5,8,NA,NA,NA,NA,NA,NA,NA,4,2,2,2,1,1,1,1,1,1,1,1,1,1,1,3,4,4,4,4,4,4,7,7,7,4,6,6,3,1,3,1,1,3,1,1,1,1,1,1,1,1,1,1,1,1,1,1,1,1,4,6,7,2,7,7,7,7,5,6,6,6,2,1,4,4,4,4,4,2,1,1,1,1,1,1,1,1,4,1,5,5,1,1,1,5,1,2,3,5,1,3,5,3,5,1,5,5,1,1,1
140,1,2,NA,22,1,1,NA,2,NA,1,NA,NA,NA,NA,NA,NA,2,NA,7,4,7,NA,NA,NA,NA,NA,NA,NA,7,4,4,3,2,2,2,2,2,1,1,1,1,1,1,3,6,6,4,5,5,4,6,5,7,6,6,4,3,3,3,4,3,2,2,1,2,2,1,1,3,2,4,4,2,4,5,4,2,2,5,4,4,1,7,7,6,7,3,2,2,4,1,1,4,4,4,4,5,6,5,6,5,5,6,3,6,2,5,2,4,3,4,2,2,5,3,2,2,4,3,3,3,1,3,4,4,4,2,2,4
141,1,2,NA,23,1,1,NA,4,NA,1,NA,NA,NA,NA,NA,NA,2,NA,7,7,8,NA,NA,NA,NA,NA,NA,NA,8,4,4,2,3,1,3,1,1,2,1,1,1,1,1,4,7,7,4,4,5,5,7,5,6,7,7,5,4,5,4,5,4,4,1,1,1,2,3,3,1,3,3,4,2,3,4,3,3,3,5,5,7,3,7,6,7,7,5,7,7,3,2,3,4,4,5,4,5,3,2,4,2,2,3,1,2,1,5,3,3,5,2,1,5,4,2,3,2,4,2,3,4,4,3,3,4,3,4,4,5
142,1,2,NA,23,1,2,NA,2,NA,1,NA,NA,NA,NA,NA,NA,2,NA,7,7,5,NA,NA,NA,NA,NA,NA,NA,5,5,6,2,1,2,2,1,2,2,2,1,2,2,2,3,5,5,4,4,5,4,5,5,5,5,6,5,3,3,3,4,2,3,2,3,2,2,2,4,4,3,3,4,3,4,5,3,3,3,5,2,4,1,5,5,5,5,5,3,3,7,2,2,3,3,4,5,4,3,3,5,4,5,4,5,4,5,4,3,3,5,2,2,2,4,4,4,4,4,4,2,3,1,3,3,3,3,4,4,5
143,1,1,NA,24,1,4,NA,1,NA,1,NA,NA,NA,NA,NA,NA,2,NA,6,6,8,NA,NA,NA,NA,NA,NA,NA,8,4,8,2,4,4,4,1,1,1,1,1,1,4,1,4,4,4,3,3,4,4,4,4,5,5,3,4,4,4,4,4,3,3,3,3,1,3,3,3,1,1,2,5,3,5,5,2,3,2,5,6,7,2,6,6,5,7,5,6,6,6,2,3,4,4,4,6,6,3,3,2,4,4,5,2,2,2,4,3,2,5,1,1,2,3,1,1,1,3,1,4,4,4,4,3,4,3,2,2,4
144,1,2,NA,23,1,1,NA,4,NA,1,NA,NA,NA,NA,NA,NA,2,NA,7,5,5,NA,NA,NA,NA,NA,NA,NA,5,5,10,2,2,3,4,1,1,1,1,1,1,2,1,5,7,7,5,4,5,5,7,6,7,5,6,6,4,4,4,4,4,4,1,1,1,3,1,2,3,1,1,4,4,4,5,1,2,1,5,4,7,2,7,7,6,7,7,2,2,12,2,3,4,4,5,5,4,2,2,2,4,1,5,2,2,2,5,1,5,5,1,1,1,5,1,2,3,2,5,3,2,5,3,2,2,2,1,1,4
145,1,2,NA,23,1,1,NA,4,NA,1,NA,NA,NA,NA,NA,NA,2,NA,7,7,5,NA,NA,NA,NA,NA,NA,NA,5,5,10,2,4,4,4,4,4,4,4,4,4,5,2,4,6,6,1,6,6,6,5,5,5,5,5,5,3,3,3,3,3,3,2,3,3,3,3,3,3,3,2,5,5,5,5,5,5,5,5,6,7,2,5,5,4,4,5,6,5,5,2,2,3,3,5,5,5,3,3,3,5,1,5,5,3,2,4,2,4,5,1,1,4,5,4,4,4,4,4,2,4,4,4,4,3,5,6,6,6
146,1,2,NA,23,1,1,NA,4,NA,1,NA,NA,NA,NA,NA,NA,2,NA,7,7,5,NA,NA,NA,NA,NA,NA,NA,5,4,5,2,4,2,5,1,1,1,1,1,1,1,1,5,5,4,4,5,5,4,6,6,7,6,6,4,2,2,4,3,1,3,1,1,1,3,1,2,3,3,1,4,1,4,5,1,2,1,5,4,6,2,6,6,6,7,5,5,5,5,2,2,3,3,4,4,5,2,1,7,5,5,6,4,2,1,5,3,5,5,1,1,1,5,1,1,4,5,1,3,4,1,4,1,5,5,4,2,4
451,1,1,NA,23,1,1,NA,1,NA,1,NA,NA,NA,NA,NA,NA,2,NA,6,5,3,NA,NA,NA,NA,NA,NA,NA,4,3,7,2,4,4,4,1,2,2,2,2,1,4,2,4,5,5,4,5,4,4,6,6,6,6,4,4,4,4,4,4,4,3,4,4,3,2,3,3,1,2,1,4,3,4,4,2,2,2,4,5,7,2,7,7,6,6,6,6,6,8,2,3,4,4,5,5,4,3,1,2,3,5,5,2,5,3,4,3,2,4,2,2,3,4,3,2,2,4,3,1,4,2,4,2,4,4,4,4,4
149,1,1,NA,24,2,4,NA,5,NA,1,NA,NA,NA,NA,NA,NA,2,NA,4,4,8,NA,NA,NA,NA,NA,NA,NA,8,3,3,2,4,4,5,1,1,1,1,2,1,4,2,4,1,1,1,1,1,1,1,1,1,5,6,4,3,4,4,4,1,1,3,1,2,3,1,1,2,4,1,4,2,4,4,1,1,4,1,2,6,3,1,1,1,1,4,2,2,3,1,2,3,3,3,3,3,2,2,1,5,1,6,2,5,2,4,2,3,4,3,3,4,3,3,4,3,3,3,3,3,3,4,4,4,3,1,2,2
150,1,1,NA,23,2,2,NA,4,NA,1,NA,NA,NA,NA,NA,NA,2,NA,7,6,6,NA,NA,NA,NA,NA,NA,NA,6,5,6,2,3,4,5,2,2,3,2,1,1,5,3,5,7,7,3,3,4,3,7,7,7,7,7,4,4,5,5,4,4,1,1,2,1,4,4,4,1,3,3,4,4,4,4,2,3,2,5,1,NA,NA,7,7,4,7,2,1,4,2,1,2,4,4,4,7,4,1,1,2,5,5,5,3,1,1,5,2,4,5,1,1,1,5,4,1,2,5,4,4,3,1,5,2,1,5,5,2,5
151,1,1,NA,24,2,2,NA,3,NA,1,NA,NA,NA,NA,NA,NA,2,NA,5,4,5,NA,NA,NA,NA,NA,NA,NA,5,3,2,2,2,2,2,2,2,2,2,2,2,2,1,5,4,4,4,4,4,4,4,4,7,5,6,2,3,4,4,4,3,3,2,3,2,4,2,2,1,4,3,2,2,3,4,2,2,2,4,4,6,2,7,7,5,6,2,4,4,4,1,3,2,2,4,6,3,1,1,2,2,2,5,1,3,4,4,2,4,4,1,3,1,4,2,2,3,3,2,1,4,2,2,3,5,4,2,3,4
152,1,2,NA,22,1,2,NA,5,NA,6,Engeland,1998,1,NA,6,Engeland,2,NA,7,6,5,NA,NA,NA,NA,NA,NA,NA,5,8,5,2,1,2,2,1,1,1,1,1,1,2,1,5,6,6,4,3,5,4,5,4,7,5,7,3,3,3,4,1,2,1,1,4,1,1,1,2,1,1,3,4,2,4,4,3,2,2,6,6,6,3,7,7,7,7,6,7,7,5,2,2,2,2,4,4,4,2,2,3,1,2,5,1,1,1,5,1,5,4,1,1,1,4,1,4,5,4,2,1,5,3,2,3,5,3,2,2,5
463,1,2,NA,19,1,1,NA,3,NA,1,NA,NA,NA,NA,NA,NA,2,NA,7,6,7,NA,NA,NA,NA,NA,NA,NA,7,8,10,2,2,4,4,1,4,3,3,4,4,4,4,3,5,4,4,6,5,4,5,4,2,5,3,3,2,2,5,3,2,3,3,2,2,4,4,3,3,2,3,3,3,4,3,4,4,5,6,7,4,1,5,4,3,4,3,3,3,12,3,2,3,4,3,5,4,3,4,7,3,5,1,4,4,3,3,4,3,2,3,3,2,5,2,5,3,4,1,3,4,3,2,4,2,4,3,4,4
154,1,2,NA,20,1,2,NA,2,NA,1,NA,NA,NA,NA,NA,NA,2,NA,6,5,8,NA,NA,NA,NA,NA,NA,NA,5,8,10,2,2,2,1,1,1,1,1,1,1,1,1,4,4,4,4,2,4,2,4,4,4,5,4,4,2,1,3,4,3,3,2,2,3,4,1,1,3,2,3,4,5,4,5,4,3,1,6,6,7,1,7,7,6,7,4,6,6,7,2,3,2,3,4,4,4,1,1,3,5,2,5,1,4,1,4,3,5,5,2,2,2,4,2,2,3,4,2,4,4,3,4,2,4,3,2,2,2
423,1,2,NA,20,1,2,NA,3,NA,1,NA,NA,NA,NA,NA,NA,2,NA,6,5,8,NA,NA,NA,NA,NA,NA,NA,8,8,10,2,5,5,5,1,1,1,1,1,1,3,2,4,6,1,4,3,4,4,5,5,7,5,6,6,4,4,4,3,3,4,1,1,1,3,2,2,2,3,3,4,2,4,5,4,2,2,5,3,4,1,7,7,7,7,4,3,3,4,1,2,4,4,4,4,4,5,5,2,3,5,6,1,1,1,5,1,5,5,1,1,1,5,1,2,3,5,1,1,5,1,4,2,5,4,2,2,6
156,1,2,NA,23,1,2,NA,3,NA,1,NA,NA,NA,NA,NA,NA,2,NA,4,4,5,NA,NA,NA,NA,NA,NA,NA,8,4,5,2,2,1,2,1,1,1,1,1,1,2,1,2,5,5,4,4,4,4,6,6,7,4,6,6,4,3,3,2,4,2,1,2,1,2,3,3,1,3,3,4,2,4,4,4,2,2,4,7,7,2,7,7,7,7,6,7,7,6,1,3,4,4,4,4,4,5,4,1,2,1,2,1,1,1,5,3,5,5,1,1,1,4,1,2,1,4,2,3,4,2,4,2,5,4,1,1,4
157,1,2,NA,22,1,2,NA,3,NA,1,NA,NA,NA,NA,NA,NA,2,NA,4,4,4,NA,NA,NA,NA,NA,NA,NA,4,4,9,2,4,4,3,2,4,2,2,2,2,4,3,4,5,5,4,4,4,4,4,4,4,5,6,5,4,3,4,4,2,3,3,2,3,3,2,2,2,2,3,5,4,4,5,4,3,2,4,5,6,1,7,7,6,6,2,6,6,6,1,3,4,4,4,4,4,3,3,5,5,3,5,6,6,2,4,4,4,4,4,2,3,4,2,4,3,3,3,2,5,3,3,4,5,2,1,1,1
158,2,2,NA,20,1,2,NA,3,NA,6,Zwitserland,1997,1,NA,1,NA,2,NA,7,6,5,NA,NA,NA,NA,NA,NA,NA,5,4,8,2,5,5,5,1,1,1,1,3,1,3,2,5,6,6,5,5,4,5,6,6,7,6,6,5,4,4,4,4,3,4,1,2,1,4,2,3,1,4,3,5,3,4,5,4,2,2,5,3,7,2,7,7,7,7,7,6,7,4,1,2,6,6,6,7,6,5,5,2,5,4,6,3,2,1,5,1,5,4,2,1,1,5,2,2,1,4,2,3,5,4,4,4,5,3,2,2,2
159,1,1,NA,22,1,4,NA,1,NA,1,NA,NA,NA,NA,NA,NA,2,NA,7,7,4,NA,NA,NA,NA,NA,NA,NA,4,2,3,2,2,2,2,1,1,1,2,2,2,1,1,3,4,4,4,4,4,4,4,4,4,3,5,2,3,3,3,4,2,3,2,2,2,4,2,2,2,2,2,4,3,2,2,3,3,3,3,1,NA,NA,7,7,7,7,6,2,2,8,2,3,4,4,4,4,3,6,2,1,3,2,3,3,2,2,4,2,5,5,2,2,2,5,2,2,2,3,2,4,4,2,4,3,4,3,2,2,2
441,1,1,NA,23,1,2,NA,3,NA,1,NA,NA,NA,NA,NA,NA,2,NA,7,7,8,NA,NA,NA,NA,NA,NA,NA,8,8,10,2,2,4,3,1,2,1,1,1,2,1,2,4,7,5,3,3,4,4,6,6,6,5,6,4,3,2,2,2,3,3,2,5,3,2,5,3,5,3,3,2,1,2,4,3,1,1,4,8,7,2,7,7,7,7,6,7,7,4,1,3,4,4,4,7,4,5,4,1,5,4,1,4,6,4,5,1,5,5,1,1,1,5,1,3,3,5,1,3,5,1,4,1,4,5,4,1,3
461,1,1,NA,23,1,1,NA,3,NA,1,NA,NA,NA,NA,NA,NA,2,NA,7,7,5,NA,NA,NA,NA,NA,NA,NA,5,8,5,2,3,2,3,1,1,1,1,1,1,2,2,4,7,5,4,4,6,4,5,6,7,5,6,4,2,3,3,2,3,3,2,2,1,2,3,3,1,2,2,4,2,5,5,2,2,2,5,7,7,2,7,7,7,7,6,7,7,6,1,2,4,4,4,4,4,5,2,3,2,1,5,2,1,1,5,1,5,5,1,1,1,5,1,1,1,5,5,1,5,1,5,1,4,4,5,3,5
163,1,2,NA,22,1,2,NA,3,NA,1,NA,NA,NA,NA,NA,NA,2,NA,7,7,8,NA,NA,NA,NA,NA,NA,NA,8,4,7,2,2,5,3,1,1,1,2,2,2,2,1,5,7,7,5,3,5,6,7,7,7,7,7,6,4,4,2,4,4,4,2,1,2,2,2,3,3,3,2,5,1,5,5,4,3,2,2,8,6,1,7,7,6,7,3,7,7,3,1,2,3,1,5,6,5,1,1,6,4,4,6,2,1,1,4,2,4,5,1,1,1,2,1,2,2,4,1,4,5,3,4,1,5,4,5,5,4
454,1,2,NA,22,1,1,NA,4,NA,1,NA,NA,NA,NA,NA,NA,2,NA,7,7,8,NA,NA,NA,NA,NA,NA,NA,8,4,3,2,3,4,4,1,1,1,1,1,1,1,1,4,4,4,4,4,4,4,4,4,7,5,2,4,2,2,2,4,4,2,2,2,2,4,2,2,2,2,2,3,2,3,2,4,3,2,4,6,7,1,7,7,7,7,5,2,2,4,1,2,3,3,6,5,5,5,5,3,5,4,6,3,3,3,5,1,2,5,2,2,2,4,2,3,2,4,2,4,4,2,4,3,5,4,3,3,3
164,2,2,NA,21,2,2,NA,1,NA,1,NA,NA,NA,NA,NA,NA,3,NA,4,4,4,NA,NA,NA,NA,NA,NA,NA,4,3,4,2,3,3,3,1,1,1,1,1,1,3,1,3,5,5,4,5,5,4,7,7,7,4,2,2,3,4,4,3,3,3,1,1,1,2,2,3,1,3,3,4,2,4,4,3,2,3,2,4,7,3,7,7,7,7,6,6,6,8,1,3,4,4,4,4,5,2,2,1,2,2,2,2,4,1,4,1,4,4,1,2,2,5,1,1,2,4,2,3,5,1,4,2,5,4,5,4,5
426,1,2,NA,18,1,2,NA,1,NA,1,NA,NA,NA,NA,NA,NA,3,NA,5,5,3,NA,NA,NA,NA,NA,NA,NA,2,1,3,2,5,5,3,1,3,5,2,2,1,3,3,4,6,6,2,4,5,5,4,6,6,5,6,5,4,4,5,4,1,2,4,4,1,5,3,3,2,2,2,5,5,5,3,5,1,2,5,1,NA,NA,7,7,6,7,4,3,5,7,2,3,1,1,4,4,6,3,2,4,5,5,5,3,4,5,2,3,4,4,3,2,3,3,3,2,3,4,2,2,5,4,3,4,5,2,5,5,4
166,2,1,NA,19,1,2,NA,1,NA,1,NA,NA,NA,NA,NA,NA,3,NA,5,4,4,NA,NA,NA,NA,NA,NA,NA,8,4,6,2,4,1,3,1,2,1,1,1,1,4,1,2,4,4,3,5,4,4,4,4,7,6,4,2,3,4,4,1,2,3,1,3,1,4,1,2,1,4,4,2,1,2,4,3,1,3,5,6,3,1,6,6,6,7,2,6,6,8,1,1,5,6,6,6,6,2,2,1,3,1,5,2,4,2,4,2,2,4,1,1,4,4,1,2,5,1,1,2,5,3,5,3,4,1,2,2,2
167,2,2,NA,23,1,2,NA,1,NA,1,NA,NA,NA,NA,NA,NA,3,NA,5,4,4,NA,NA,NA,NA,NA,NA,NA,4,2,8,2,3,5,3,1,3,2,2,2,1,5,4,5,6,6,5,4,6,6,4,4,6,6,7,5,4,4,4,3,2,3,3,2,2,4,3,2,2,3,4,4,3,5,5,3,4,4,5,5,5,1,6,6,6,7,6,6,6,4,1,3,5,4,4,6,6,4,3,4,5,5,3,2,2,2,5,2,5,4,1,1,1,5,1,2,2,5,1,5,4,1,4,1,5,4,5,4,6
168,1,2,NA,26,2,4,NA,1,NA,1,NA,NA,NA,NA,NA,NA,2,NA,5,4,5,NA,NA,NA,NA,NA,NA,NA,5,4,4,2,4,5,5,1,1,1,1,1,1,1,1,5,6,6,4,2,4,4,4,4,7,7,5,5,3,3,4,4,3,5,1,3,1,4,3,3,3,3,1,4,4,4,4,4,4,4,5,5,4,3,6,6,6,7,6,5,5,4,1,3,4,4,4,7,5,3,3,1,1,2,3,1,1,1,4,1,5,5,1,1,2,5,1,4,4,5,1,2,4,1,1,1,2,4,4,1,4
169,1,2,NA,21,1,3,Tussenjaar,7,Tussenjaar,6,Engeland,1998,1,NA,1,NA,2,NA,7,6,6,NA,NA,NA,NA,NA,NA,NA,6,6,6,2,5,5,5,1,1,1,1,1,1,5,5,5,7,7,7,7,7,7,7,7,7,7,7,7,4,5,5,5,4,5,1,2,2,4,2,4,2,1,2,5,2,5,5,5,2,5,6,5,7,2,7,7,7,7,7,7,7,6,1,2,4,4,4,4,6,6,6,1,1,1,5,1,2,1,5,1,5,5,1,1,1,5,1,2,2,5,1,4,5,1,4,2,5,5,4,4,4
170,1,2,NA,21,1,2,NA,3,NA,1,NA,NA,NA,NA,NA,NA,2,NA,7,5,8,NA,NA,NA,NA,NA,NA,NA,5,8,7,2,5,5,5,1,2,1,3,1,1,4,1,4,7,6,3,4,4,4,7,7,7,6,7,7,3,4,4,4,1,4,1,1,1,2,1,1,1,3,3,4,2,4,4,2,2,2,5,7,7,3,7,7,7,7,6,7,7,5,2,3,6,6,4,6,6,4,4,6,3,5,6,5,5,2,5,2,5,5,1,2,2,4,2,1,3,5,2,1,5,2,5,2,4,3,6,6,4
171,1,2,NA,20,2,2,NA,3,NA,1,NA,NA,NA,NA,NA,NA,4,NA,7,6,8,NA,NA,NA,NA,NA,NA,NA,8,4,6,2,3,4,4,1,2,1,2,2,2,3,1,3,7,7,6,5,6,6,6,6,5,6,7,7,4,4,4,4,4,4,2,2,2,4,2,2,2,3,1,4,3,4,4,3,2,2,4,5,7,2,6,6,6,7,5,6,6,8,2,3,4,3,3,5,6,6,5,5,5,4,4,3,5,3,4,3,4,4,2,2,2,4,2,1,2,2,2,4,3,3,4,4,2,1,2,2,3
172,1,2,NA,25,2,4,NA,1,NA,1,NA,NA,NA,NA,NA,NA,4,NA,6,6,5,NA,NA,NA,NA,NA,NA,NA,5,8,8,2,1,1,3,1,3,2,1,1,1,3,1,5,6,6,5,4,6,4,7,7,7,7,7,7,3,3,4,3,1,4,1,2,1,3,2,3,1,2,2,4,1,5,4,2,4,1,6,5,7,2,7,7,7,7,7,7,7,5,1,2,3,3,4,7,7,6,4,1,5,2,5,1,1,1,5,1,5,5,1,1,1,4,1,2,2,2,1,2,5,2,4,2,4,3,2,1,1
173,1,2,NA,24,1,1,NA,2,NA,1,NA,NA,NA,NA,NA,NA,4,NA,6,5,5,NA,NA,NA,NA,NA,NA,NA,6,5,5,2,4,4,4,2,2,3,1,1,3,4,2,5,7,7,4,3,7,6,7,7,7,7,7,7,4,4,5,4,4,4,2,3,2,4,2,2,1,2,2,5,4,3,4,4,2,2,5,4,7,2,7,7,6,7,5,6,6,5,1,1,2,2,4,6,5,6,6,3,5,5,6,2,3,3,5,2,4,3,2,2,2,5,2,2,2,5,2,2,4,2,4,2,5,5,4,5,5
176,1,2,NA,22,1,2,NA,4,NA,1,NA,NA,NA,NA,NA,NA,2,NA,6,6,6,NA,NA,NA,NA,NA,NA,NA,5,4,3,2,4,4,5,2,4,2,4,2,1,4,2,4,5,5,2,3,4,4,7,7,7,7,6,5,2,4,4,3,1,2,1,2,2,2,3,3,2,3,2,2,2,2,2,2,2,1,4,9,7,2,7,7,7,6,3,7,7,7,2,3,3,3,4,4,7,4,4,2,5,5,5,5,3,2,4,4,3,4,3,4,4,5,1,2,4,5,1,2,2,1,2,1,4,4,3,4,4
178,2,2,NA,18,2,2,NA,1,NA,1,NA,NA,NA,NA,NA,NA,3,NA,6,2,3,NA,NA,NA,NA,NA,NA,NA,4,2,2,2,4,4,4,1,1,1,2,2,2,2,1,3,5,5,3,2,4,4,5,5,5,6,5,2,4,4,3,3,4,2,2,5,1,5,3,3,1,2,2,4,2,4,5,2,1,2,5,3,4,2,6,6,6,7,4,2,4,9,3,1,1,1,2,3,3,2,2,6,7,5,7,5,4,6,5,2,4,4,2,2,3,3,2,4,3,4,2,2,4,3,4,3,3,1,5,6,4
179,2,2,NA,18,2,2,NA,1,NA,1,NA,NA,NA,NA,NA,NA,3,NA,6,6,4,NA,NA,NA,NA,NA,NA,NA,5,4,3,2,4,4,4,1,4,2,4,2,4,4,3,5,6,5,2,4,3,4,3,3,5,4,6,5,5,5,5,5,5,4,1,1,1,2,4,4,3,3,3,4,4,4,6,3,1,1,5,6,7,3,7,7,7,7,4,7,7,8,2,1,1,1,2,4,6,2,2,3,1,4,1,2,2,5,4,1,5,5,1,1,1,5,1,2,2,5,1,2,4,3,5,3,4,4,5,6,5
180,2,2,NA,18,2,2,NA,1,NA,1,NA,NA,NA,NA,NA,NA,2,NA,5,4,8,NA,NA,NA,NA,NA,NA,NA,8,3,4,2,4,4,4,2,2,2,3,1,2,4,3,4,6,5,3,3,4,4,5,5,5,4,6,3,4,4,4,4,3,4,2,2,2,4,3,3,2,1,1,4,3,4,5,4,2,3,5,5,6,3,7,7,6,6,4,6,6,8,2,2,4,4,4,6,5,2,2,3,5,5,6,5,3,2,4,3,3,4,2,2,2,4,2,2,4,5,2,2,4,1,4,1,4,4,5,6,6
181,2,2,NA,20,2,2,NA,1,NA,1,NA,NA,NA,NA,NA,NA,3,NA,5,4,4,NA,NA,NA,NA,NA,NA,NA,4,3,4,2,5,5,5,1,4,2,2,1,1,1,1,1,6,6,2,4,4,4,6,7,7,6,6,5,1,5,5,4,1,4,1,3,1,5,4,3,2,4,2,5,3,1,5,4,5,2,5,1,NA,NA,7,7,6,7,5,1,3,6,1,3,2,2,3,6,5,4,4,5,5,3,6,2,5,1,5,1,5,5,2,1,1,5,4,2,5,4,4,2,5,3,2,3,4,1,6,5,6
182,1,2,NA,24,2,2,NA,3,NA,1,NA,NA,NA,NA,NA,NA,7,Middelbare school,7,6,5,NA,NA,NA,NA,NA,NA,NA,5,8,8,2,4,3,3,2,2,2,1,1,1,2,1,4,5,5,3,2,4,4,4,4,6,5,5,3,4,3,4,4,4,3,2,2,2,4,3,3,2,3,3,3,4,3,5,4,2,3,5,3,7,1,7,7,7,7,4,5,5,6,2,3,3,3,3,5,4,3,1,3,5,3,5,2,4,2,4,2,4,4,1,2,2,4,2,4,3,4,2,2,4,1,3,2,4,4,4,4,5
183,1,2,NA,24,1,1,NA,2,NA,1,NA,NA,NA,NA,NA,NA,7,(ik sta met 1 groep ingeschreven maar ken ook de andere groep goed),6,6,6,NA,NA,NA,NA,NA,NA,NA,6,8,5,2,4,4,5,2,2,3,1,1,3,4,3,4,6,6,5,4,4,4,7,7,7,7,7,7,4,4,4,4,4,4,2,1,2,4,5,4,2,2,2,4,2,4,5,2,2,2,6,5,7,2,7,7,6,6,6,5,5,7,3,3,3,3,3,3,3,2,2,6,6,6,6,5,5,2,4,3,4,5,1,2,1,4,5,2,1,2,4,4,3,2,4,3,3,2,5,5,5
184,1,2,NA,23,2,1,NA,4,NA,1,NA,NA,NA,NA,NA,NA,2,NA,7,7,8,NA,NA,NA,NA,NA,NA,NA,8,4,4,2,3,4,4,4,2,3,4,4,4,4,4,3,6,5,3,3,4,5,5,6,6,6,6,4,4,4,4,3,4,4,2,2,2,2,3,2,2,2,2,3,3,3,4,4,4,4,5,6,7,2,6,6,6,6,5,5,5,7,1,2,2,3,5,6,5,3,3,3,4,4,5,3,3,2,3,2,4,5,2,4,2,4,2,4,4,4,3,2,4,2,4,2,4,4,6,6,6
185,1,1,NA,24,1,2,NA,4,NA,1,NA,NA,NA,NA,NA,NA,2,NA,6,6,8,NA,NA,NA,NA,NA,NA,NA,8,2,2,2,3,4,4,1,1,1,1,1,1,4,1,5,6,6,4,5,4,4,6,6,7,5,5,2,1,4,4,4,1,1,1,1,1,1,1,2,1,1,1,3,4,4,4,2,2,2,4,7,7,2,6,6,6,6,5,6,6,8,2,3,4,4,6,6,5,5,2,3,6,5,5,1,3,1,5,1,5,5,1,1,1,4,1,1,2,4,1,4,5,2,5,2,4,3,1,1,1
186,1,1,NA,23,1,4,NA,1,NA,1,NA,NA,NA,NA,NA,NA,2,NA,7,7,7,NA,NA,NA,NA,NA,NA,NA,7,8,2,3,2,2,2,1,2,1,2,1,2,1,1,2,5,4,3,3,3,3,4,4,6,4,3,2,4,4,4,5,4,5,2,1,2,4,3,2,2,3,4,5,3,2,2,4,4,2,3,7,7,3,6,6,7,7,2,6,7,12,1,3,3,3,4,5,5,2,1,3,6,5,4,3,2,1,4,4,4,4,1,3,3,3,1,4,3,5,1,4,5,1,4,1,5,4,2,3,2
187,1,2,NA,22,2,1,NA,4,NA,1,NA,NA,NA,NA,NA,NA,2,NA,1,2,5,NA,NA,NA,NA,NA,NA,NA,5,8,2,2,2,4,2,1,2,1,1,1,1,3,1,4,6,6,4,4,5,4,6,6,6,6,7,7,4,4,4,3,2,3,2,2,2,4,2,2,3,2,2,2,2,2,2,2,2,2,3,3,7,2,7,7,7,7,5,4,4,6,2,3,4,3,5,6,5,5,4,4,3,2,4,3,4,1,4,2,4,5,2,2,2,4,4,3,3,4,1,2,2,2,4,3,4,4,4,3,5
188,2,2,NA,19,2,2,NA,1,NA,1,NA,NA,NA,NA,NA,NA,3,NA,6,5,4,NA,NA,NA,NA,NA,NA,NA,4,1,2,2,2,2,2,1,1,1,1,1,2,3,1,2,4,4,4,3,4,4,4,4,7,5,6,4,3,3,4,2,2,2,2,3,2,2,2,2,1,3,3,5,3,4,5,4,3,2,5,3,4,1,6,6,5,6,5,1,6,6,1,2,4,4,4,6,5,4,3,2,2,2,2,1,3,1,4,2,5,4,1,2,2,4,2,3,2,3,2,2,4,2,3,3,4,2,1,2,4
189,2,2,NA,19,2,2,NA,1,NA,1,NA,NA,NA,NA,NA,NA,3,NA,3,3,5,NA,NA,NA,NA,NA,NA,NA,5,8,10,2,4,4,4,1,1,1,1,1,1,3,1,4,7,6,2,3,4,4,7,7,7,5,6,4,3,3,4,4,2,3,1,4,2,4,4,4,2,2,2,2,3,1,4,3,3,2,5,4,7,2,7,7,7,7,5,7,7,7,2,3,1,1,4,4,5,1,1,2,2,2,6,2,2,2,5,1,5,5,2,1,1,5,2,2,3,4,1,3,4,1,4,2,4,4,5,3,2
190,2,2,NA,18,2,2,NA,1,NA,1,NA,NA,NA,NA,NA,NA,2,NA,5,4,8,NA,NA,NA,NA,NA,NA,NA,8,3,5,2,3,3,3,1,1,1,1,1,1,3,1,4,6,5,4,4,5,4,5,5,5,4,6,4,3,4,4,4,2,3,2,3,2,4,3,3,2,3,3,4,4,4,4,4,2,2,4,3,7,2,6,6,6,6,3,2,3,8,2,2,3,4,4,4,4,5,3,3,3,3,5,2,2,2,4,2,4,4,1,2,2,4,2,3,3,4,1,3,4,1,3,3,4,3,5,4,6
191,2,2,NA,19 jaar,2,2,NA,1,NA,1,NA,NA,NA,NA,NA,NA,3,NA,5,4,4,NA,NA,NA,NA,NA,NA,NA,4,3,6,2,3,3,3,1,2,2,1,1,2,4,1,4,5,5,2,3,4,4,4,4,6,4,5,4,4,4,4,4,3,4,2,2,2,3,3,3,1,2,2,3,3,4,4,4,3,2,3,2,5,3,7,7,7,7,5,3,5,6,2,3,3,3,4,4,5,5,4,2,5,1,4,1,2,1,5,2,4,4,3,2,1,4,2,2,4,4,4,2,4,2,3,3,5,3,2,2,2
192,2,2,NA,19,2,2,NA,1,NA,1,NA,NA,NA,NA,NA,NA,3,NA,4,4,3,NA,NA,NA,NA,NA,NA,NA,2,1,3,2,1,5,2,1,2,1,1,1,1,4,2,5,5,5,4,5,5,5,6,6,7,2,6,2,4,4,4,4,4,1,1,2,1,4,2,3,1,4,4,6,6,6,6,6,4,3,2,3,4,1,7,7,7,7,6,6,6,7,2,3,4,4,4,4,5,2,2,2,2,2,3,2,5,2,4,2,3,4,2,3,2,4,1,4,3,2,1,1,5,4,2,4,5,2,4,2,4
193,2,2,NA,19,2,2,NA,1,NA,1,NA,NA,NA,NA,NA,NA,3,NA,5,5,8,NA,NA,NA,NA,NA,NA,NA,8,4,3,2,1,3,4,1,2,2,1,1,1,2,1,3,5,5,4,4,4,4,5,5,5,5,6,3,4,4,4,4,3,3,3,2,2,2,3,3,1,2,2,3,3,3,4,3,3,2,4,3,5,2,6,6,6,7,4,4,5,8,2,3,3,4,4,6,4,2,1,2,3,4,5,3,4,1,5,2,4,4,1,1,1,4,1,4,3,4,1,2,5,1,4,2,5,4,3,4,4
194,2,2,NA,19,2,2,NA,2,NA,1,NA,NA,NA,NA,NA,NA,3,NA,5,4,8,NA,NA,NA,NA,NA,NA,NA,8,3,3,2,4,3,4,2,3,2,1,1,1,3,1,4,5,5,4,4,4,4,5,5,5,5,6,2,2,4,4,2,2,3,3,1,2,4,1,1,2,2,2,3,3,1,2,4,3,2,5,4,7,1,7,7,6,6,6,6,6,5,1,2,2,2,4,4,5,4,2,3,2,2,5,2,2,2,4,2,4,4,2,2,2,4,1,3,4,2,1,1,4,3,3,4,5,3,2,2,1
195,1,2,NA,21,2,2,NA,2,NA,1,NA,NA,NA,NA,NA,NA,2,NA,7,6,5,NA,NA,NA,NA,NA,NA,NA,5,8,3,2,2,3,3,1,1,1,1,1,1,2,2,4,5,5,3,4,4,4,4,4,4,5,6,6,4,4,4,4,4,3,3,2,1,3,3,3,1,4,4,4,2,4,4,3,2,2,5,2,6,1,7,7,7,7,4,7,7,8,2,3,3,3,4,4,5,1,1,4,5,2,6,2,2,4,4,2,4,4,2,2,2,4,1,4,4,5,1,3,4,2,4,2,5,4,6,4,6
196,1,2,NA,20,2,1,NA,2,NA,1,NA,NA,NA,NA,NA,NA,2,NA,7,6,8,NA,NA,NA,NA,NA,NA,NA,4,3,7,2,2,3,4,1,2,1,1,1,1,3,1,4,6,6,4,4,6,5,7,7,7,5,6,4,1,2,3,2,1,3,1,3,1,3,3,3,2,3,1,3,2,2,4,5,2,2,2,7,7,3,7,7,7,7,5,6,6,12,2,2,3,3,5,5,4,2,2,2,3,2,6,1,1,2,4,1,5,5,1,1,1,4,2,4,4,4,2,2,4,1,3,2,4,3,4,3,5
197,1,2,NA,20,2,1,NA,3,NA,1,NA,NA,NA,NA,NA,NA,2,NA,5,5,8,NA,NA,NA,NA,NA,NA,NA,5,5,8,2,2,4,4,2,2,2,2,2,1,4,1,4,6,6,3,2,4,4,6,6,6,6,6,6,5,5,3,5,4,5,3,2,4,2,5,4,4,2,2,4,6,5,4,4,1,6,3,6,7,2,7,7,7,7,4,7,7,6,2,3,2,2,6,6,7,6,2,7,6,6,7,1,7,7,5,2,4,5,1,3,1,5,1,3,4,5,2,2,5,1,2,1,5,5,7,7,4
427,1,2,NA,21,2,2,NA,1,NA,1,NA,NA,NA,NA,NA,NA,2,NA,5,6,8,NA,NA,NA,NA,NA,NA,NA,8,2,8,2,4,4,4,1,1,1,2,1,2,2,1,4,7,7,6,5,6,6,6,6,6,4,6,6,4,4,4,3,3,2,2,3,2,2,4,4,1,3,3,5,3,4,5,3,2,2,5,5,5,3,7,7,6,6,2,6,5,5,1,3,4,3,5,5,5,3,3,4,5,5,5,3,4,3,4,2,4,5,2,2,2,4,2,2,2,4,1,3,4,2,4,3,4,2,5,5,5
199,1,2,NA,21 jaar,2,2,NA,2,NA,1,NA,NA,NA,NA,NA,NA,2,NA,7,7,8,NA,NA,NA,NA,NA,NA,NA,8,4,3,3,2,3,5,1,1,1,1,1,1,2,1,5,6,6,5,6,6,5,5,5,6,4,6,3,1,3,4,3,1,1,1,3,1,1,1,2,1,3,3,4,3,4,4,2,1,2,6,5,7,1,7,7,6,7,5,5,4,5,1,3,4,4,5,6,5,2,1,1,1,1,1,1,1,1,5,1,5,5,1,1,1,4,1,1,1,4,1,2,4,2,4,2,4,3,2,1,4
200,1,2,NA,21,2,1,NA,2,NA,1,NA,NA,NA,NA,NA,NA,2,NA,7,7,8,NA,NA,NA,NA,NA,NA,NA,5,5,6,2,4,4,4,1,1,1,1,1,1,1,1,4,4,4,4,4,5,4,5,5,5,5,4,6,5,5,5,4,5,5,2,4,1,5,3,4,1,2,4,4,2,3,5,2,3,2,4,1,NA,NA,5,5,6,6,4,2,2,6,2,2,5,4,4,4,4,6,6,2,5,3,3,2,2,2,5,1,4,5,1,1,1,5,2,3,2,3,1,3,4,2,4,3,4,3,4,5,5
201,1,2,NA,20,2,3,Mbo,4,NA,1,NA,NA,NA,NA,NA,NA,2,NA,7,5,8,NA,NA,NA,NA,NA,NA,NA,8,4,6,2,2,3,2,1,2,1,1,1,1,2,1,4,6,5,3,4,5,5,6,7,7,5,7,7,2,4,3,4,3,2,2,2,2,4,3,2,3,3,2,2,2,2,4,2,2,2,5,6,6,2,7,7,7,7,5,7,6,4,2,3,2,2,5,5,5,1,1,5,5,2,6,2,5,5,4,3,4,4,1,2,2,2,2,1,4,4,1,3,5,4,3,4,4,2,2,2,6
202,1,1,NA,22,2,1,NA,2,NA,1,NA,NA,NA,NA,NA,NA,2,NA,4,4,4,NA,NA,NA,NA,NA,NA,NA,4,3,4,2,2,3,3,1,1,1,1,1,1,3,2,4,5,5,4,4,4,4,6,5,7,5,6,6,4,4,4,3,4,3,1,4,2,4,3,3,1,3,3,5,3,5,4,4,3,3,5,1,NA,NA,6,6,7,7,5,1,1,8,2,1,3,3,4,4,5,6,2,5,5,5,2,5,5,5,4,2,4,4,3,1,2,4,2,5,3,4,2,4,4,4,4,3,5,2,3,5,5
445,1,2,NA,19,2,1,NA,2,NA,1,NA,NA,NA,NA,NA,NA,3,NA,6,6,4,NA,NA,NA,NA,NA,NA,NA,4,3,6,2,4,4,4,1,1,1,1,1,1,1,1,2,5,5,4,4,4,4,3,4,4,4,5,3,4,4,4,4,4,4,1,4,1,4,4,4,1,3,4,3,3,3,4,3,2,2,3,6,7,2,5,7,7,7,4,7,7,8,3,3,3,2,3,6,4,6,3,3,4,2,4,2,3,5,4,1,5,5,1,1,1,4,1,4,3,2,1,4,4,2,2,4,3,2,5,3,6
207,1,1,NA,19,1,1,NA,2,NA,1,NA,NA,NA,NA,NA,NA,2,NA,6,6,4,NA,NA,NA,NA,NA,NA,NA,5,3,5,2,4,2,5,1,1,1,1,1,1,1,2,5,5,5,4,4,4,4,7,4,7,5,5,4,1,4,3,1,1,1,2,3,1,3,3,1,1,3,2,2,2,2,4,2,2,2,4,8,7,2,7,7,7,7,4,7,7,6,1,3,4,4,4,4,4,4,4,1,1,1,2,1,1,1,4,1,4,5,1,1,2,5,4,3,1,3,2,2,4,3,3,4,4,2,2,2,2
208,1,2,NA,19,1,1,NA,2,NA,1,NA,NA,NA,NA,NA,NA,3,NA,7,6,4,NA,NA,NA,NA,NA,NA,NA,4,4,7,2,5,5,5,1,1,2,1,1,1,4,1,5,5,5,4,4,4,4,7,4,7,2,7,7,4,5,5,3,3,2,1,2,1,5,3,3,1,3,3,5,2,5,6,5,3,2,6,4,7,2,7,7,7,7,3,2,2,6,1,3,2,2,5,7,6,4,4,5,4,2,4,3,2,4,4,3,4,5,3,2,1,5,1,3,4,5,1,3,5,1,2,1,4,3,5,5,6
209,1,2,NA,18,2,1,NA,2,NA,1,NA,NA,NA,NA,NA,NA,3,NA,7,7,3,NA,NA,NA,NA,NA,NA,NA,3,2,4,2,4,4,4,1,2,1,2,4,1,4,1,4,4,4,2,2,2,2,1,1,1,2,4,4,4,4,4,1,3,1,1,3,1,4,3,3,1,1,4,4,4,5,5,4,2,2,3,6,7,2,7,7,7,7,4,5,5,7,1,2,3,3,3,3,3,3,3,1,2,2,6,3,5,3,5,1,4,4,2,2,2,1,2,2,1,3,2,4,4,3,4,4,4,2,6,6,6
210,1,2,NA,19,2,1,NA,2,NA,1,NA,NA,NA,NA,NA,NA,3,NA,6,6,4,NA,NA,NA,NA,NA,NA,NA,4,4,7,2,4,3,4,1,1,1,1,1,1,1,1,2,6,5,4,5,5,5,7,7,7,5,6,6,4,4,4,3,3,3,1,2,1,3,3,3,1,3,3,3,3,3,5,3,3,3,4,5,5,1,5,6,7,7,5,7,7,12,1,3,1,1,7,7,6,1,1,2,2,2,3,2,3,3,4,1,5,5,1,1,1,4,1,3,2,2,1,3,5,3,3,3,4,4,4,4,5
211,2,2,NA,20,2,2,NA,2,NA,1,NA,NA,NA,NA,NA,NA,3,NA,6,4,8,NA,NA,NA,NA,NA,NA,NA,8,8,10,2,4,4,4,1,2,2,2,2,2,4,3,4,5,5,4,4,4,4,5,5,5,4,6,4,4,4,4,4,3,4,2,3,2,4,3,3,1,3,2,4,4,4,4,4,4,4,4,5,7,2,7,7,5,5,4,6,6,5,1,3,1,1,4,4,4,5,4,5,5,5,6,3,3,4,4,2,5,5,1,1,1,4,1,2,3,5,2,4,4,2,4,2,4,4,5,4,6
212,2,2,NA,21,2,2,NA,2,NA,1,NA,NA,NA,NA,NA,NA,3,NA,7,5,2,NA,NA,NA,NA,NA,NA,NA,3,1,2,2,1,2,1,1,2,1,1,1,1,1,1,3,1,3,3,2,4,3,5,5,6,5,5,3,4,4,4,2,2,2,2,2,2,2,4,4,2,2,2,3,4,3,2,3,2,2,2,1,NA,NA,6,7,6,6,7,2,2,8,3,2,2,2,3,2,5,5,5,3,1,1,3,2,5,3,4,1,5,4,1,1,1,4,1,1,1,4,1,2,4,1,4,1,4,2,2,1,4
214,2,2,NA,19,2,2,NA,2,NA,1,NA,NA,NA,NA,NA,NA,3,NA,7,5,8,NA,NA,NA,NA,NA,NA,NA,8,8,9,2,5,2,5,1,1,1,1,1,1,2,1,4,5,5,4,6,4,4,4,4,4,6,6,2,1,4,2,1,1,4,3,4,1,3,1,3,1,1,1,4,1,1,4,1,2,2,5,5,7,3,7,7,7,7,5,5,6,12,1,3,1,1,4,4,6,1,1,6,3,4,6,1,1,1,5,1,5,5,1,1,1,5,1,2,2,5,1,2,5,3,3,3,5,3,2,2,4
215,2,2,NA,23,2,2,NA,2,NA,1,NA,NA,NA,NA,NA,NA,3,NA,7,5,4,NA,NA,NA,NA,NA,NA,NA,8,2,2,2,4,4,4,1,2,1,1,1,1,3,1,3,4,4,2,3,4,4,4,4,4,2,2,2,4,2,4,3,2,3,2,2,2,2,3,2,1,2,2,4,2,4,5,4,2,1,2,6,4,3,7,7,6,6,5,5,6,4,1,2,3,2,4,4,4,2,1,1,1,1,5,1,1,1,4,2,4,4,1,1,1,4,2,3,4,4,2,2,4,1,3,1,4,3,2,2,2
216,2,2,NA,20,2,2,NA,2,NA,1,NA,NA,NA,NA,NA,NA,3,NA,5,4,3,NA,NA,NA,NA,NA,NA,NA,4,2,2,2,4,4,4,1,1,1,1,2,3,4,3,4,3,3,3,3,3,3,4,4,6,3,1,1,4,4,2,4,2,3,3,4,2,1,1,1,1,1,2,4,2,5,4,3,4,3,3,3,7,2,7,7,7,7,3,6,6,6,1,2,1,1,4,4,5,1,1,1,5,5,5,1,3,1,4,2,4,4,2,2,2,4,2,2,3,5,2,2,4,2,4,2,2,4,5,5,5
217,2,2,NA,19,2,2,NA,2,NA,1,NA,NA,NA,NA,NA,NA,3,NA,7,3,4,NA,NA,NA,NA,NA,NA,NA,2,1,5,2,4,5,4,1,1,1,1,1,1,3,4,4,5,5,2,3,6,3,7,7,7,4,6,6,4,4,5,3,3,4,2,2,2,4,3,3,1,2,2,5,2,5,4,2,1,2,5,4,7,1,3,6,6,6,4,2,2,8,1,2,2,2,6,6,6,2,2,3,1,1,5,2,3,1,5,1,5,5,1,1,2,5,1,1,2,4,1,2,5,2,4,3,5,4,2,1,3
218,2,2,NA,19,2,2,NA,2,NA,1,NA,NA,NA,NA,NA,NA,3,NA,5,5,3,NA,NA,NA,NA,NA,NA,NA,3,2,3,2,2,2,3,1,1,1,2,1,1,2,1,3,5,5,4,3,4,4,5,5,5,5,6,5,4,4,4,2,2,2,2,4,2,3,3,4,2,2,2,4,3,3,4,4,3,3,4,3,7,2,7,7,6,6,4,4,5,4,2,3,4,3,4,5,5,2,1,3,4,3,4,2,5,1,4,3,2,4,2,2,2,3,2,3,2,4,2,3,5,3,4,3,4,2,4,4,4
219,2,2,NA,18,2,2,NA,1,NA,1,NA,NA,NA,NA,NA,NA,3,NA,5,5,4,NA,NA,NA,NA,NA,NA,NA,8,8,7,2,4,2,4,1,1,1,1,1,1,4,1,4,5,5,4,3,3,4,5,5,5,3,6,2,4,4,4,4,2,4,2,4,2,4,3,3,1,3,2,4,2,4,4,4,2,3,4,5,7,2,7,7,6,6,5,6,6,10,3,3,4,4,4,4,5,5,6,2,2,2,2,2,2,2,5,1,5,5,1,1,1,5,1,5,4,5,2,1,5,1,3,1,4,3,4,4,4
220,2,2,NA,20,2,2,NA,1,NA,1,NA,NA,NA,NA,NA,NA,3,NA,6,6,4,NA,NA,NA,NA,NA,NA,NA,4,3,4,2,4,5,5,2,2,2,1,1,2,4,3,5,6,6,4,3,5,3,6,6,7,4,6,6,4,4,4,3,4,4,3,4,1,4,3,2,1,3,4,1,2,2,4,5,2,2,5,4,7,2,7,7,7,7,5,5,5,6,2,2,3,3,5,7,6,3,3,2,3,1,6,1,2,1,4,2,4,5,1,1,1,5,1,2,2,4,1,2,5,2,2,2,5,3,5,4,6
221,2,2,NA,20,2,2,NA,1,NA,1,NA,NA,NA,NA,NA,NA,3,NA,6,5,8,NA,NA,NA,NA,NA,NA,NA,4,4,3,2,4,4,4,1,1,1,1,1,1,4,1,4,5,5,2,3,5,4,5,5,5,5,6,5,2,4,4,3,2,3,2,3,1,3,2,2,1,3,3,3,2,2,2,2,2,2,2,3,7,1,7,7,6,6,4,2,3,7,1,3,3,3,4,4,4,3,2,1,2,1,2,1,1,1,4,2,4,4,1,2,2,4,1,2,4,4,2,4,4,4,4,4,5,4,2,2,4
222,2,1,NA,18,2,2,NA,1,NA,1,NA,NA,NA,NA,NA,NA,3,NA,4,4,4,NA,NA,NA,NA,NA,NA,NA,4,4,6,2,2,2,2,1,1,1,1,1,1,1,1,4,5,4,3,3,4,4,4,4,4,5,5,4,4,4,4,4,3,3,4,2,2,4,3,4,1,2,4,3,4,2,4,3,4,2,4,7,7,2,7,7,7,7,5,2,2,12,1,3,3,3,3,3,4,5,2,1,1,1,1,1,1,1,4,1,5,4,1,1,1,5,2,4,3,5,1,2,4,2,4,1,4,3,1,1,1
223,2,2,NA,18,2,2,NA,1,NA,1,NA,NA,NA,NA,NA,NA,3,NA,7,5,4,NA,NA,NA,NA,NA,NA,NA,8,2,5,2,3,3,3,1,1,1,1,3,1,2,3,5,5,5,5,5,5,5,5,5,5,5,7,1,4,4,4,4,4,4,1,2,2,4,3,3,1,4,4,5,4,5,5,3,2,1,4,6,7,2,7,7,5,5,3,7,4,8,3,3,4,4,4,4,4,1,1,1,1,3,5,1,2,1,5,1,5,5,1,1,1,5,1,1,3,3,1,4,4,1,4,2,3,2,2,2,2
224,2,2,NA,19,2,2,NA,1,NA,1,NA,NA,NA,NA,NA,NA,3,NA,6,3,3,NA,NA,NA,NA,NA,NA,NA,3,3,2,2,4,4,4,2,1,1,5,2,1,1,2,4,5,4,3,3,4,4,4,4,5,5,5,3,4,5,4,4,4,4,2,2,2,5,1,2,1,2,2,4,2,3,4,3,3,2,2,4,4,2,7,7,7,7,5,3,6,7,2,1,2,2,4,5,5,2,1,2,4,2,6,2,1,1,4,4,1,4,2,2,4,2,2,2,4,3,2,1,5,3,2,4,5,3,1,1,4
225,1,2,NA,20,2,2,NA,3,NA,1,NA,NA,NA,NA,NA,NA,2,NA,7,4,2,NA,NA,NA,NA,NA,NA,NA,1,1,4,2,4,4,4,1,1,1,1,1,1,4,4,5,4,4,3,3,3,3,4,4,4,6,1,1,4,4,5,4,4,4,2,2,2,3,3,1,1,3,2,6,1,4,5,2,2,2,3,1,NA,NA,7,7,7,7,4,1,1,5,2,2,4,4,5,2,5,6,1,2,1,3,1,1,2,1,5,2,2,4,2,1,2,5,2,3,3,4,2,2,5,2,3,2,4,3,2,5,4
226,1,2,NA,21,2,2,NA,3,NA,1,NA,NA,NA,NA,NA,NA,3,NA,6,4,8,NA,NA,NA,NA,NA,NA,NA,8,4,4,2,1,3,1,1,1,1,1,1,1,1,1,1,5,5,5,4,5,5,4,4,4,5,7,4,1,1,3,1,3,1,1,1,1,3,1,1,1,3,3,5,5,6,5,4,3,1,2,5,7,3,7,7,7,7,5,7,7,4,1,3,4,4,4,4,4,4,4,1,1,1,1,1,1,1,5,1,5,5,1,1,1,5,1,1,2,5,1,4,5,1,4,1,5,4,6,4,7
227,1,2,NA,22,2,2,NA,4,NA,1,NA,NA,NA,NA,NA,NA,2,NA,5,4,8,NA,NA,NA,NA,NA,NA,NA,8,2,4,2,4,5,4,2,1,2,1,2,1,4,3,5,6,5,4,3,6,5,5,6,7,5,7,5,3,5,4,3,4,5,2,3,2,3,4,4,1,3,2,4,3,4,2,2,1,1,4,3,7,2,7,7,7,7,3,3,5,8,1,1,4,3,5,4,5,6,5,4,6,6,3,2,1,4,4,3,4,4,2,4,3,3,2,3,2,2,2,2,4,1,3,3,5,4,5,3,6
228,1,2,NA,20,2,2,NA,3,NA,1,NA,NA,NA,NA,NA,NA,3,NA,3,4,3,NA,NA,NA,NA,NA,NA,NA,2,1,3,2,1,2,1,1,1,1,1,1,1,1,1,1,2,2,2,2,2,4,4,4,4,5,1,1,1,4,4,1,1,1,1,1,1,1,2,1,1,1,4,4,4,3,4,2,4,2,1,3,7,2,7,7,6,6,2,5,6,6,2,2,1,1,4,4,7,1,1,1,1,1,1,1,1,1,4,1,5,5,1,1,1,4,1,1,2,3,2,3,4,1,3,2,4,1,5,2,6
229,1,2,NA,19,2,3,"MBO, niveau 4",2,NA,1,NA,NA,NA,NA,NA,NA,2,NA,5,5,3,NA,NA,NA,NA,NA,NA,NA,3,1,4,2,2,1,2,2,2,2,1,1,1,1,1,4,5,4,4,3,4,4,5,5,7,5,4,1,2,2,3,2,1,1,1,1,1,1,1,1,1,2,2,1,1,1,1,1,1,1,1,1,NA,NA,7,7,7,7,3,1,1,7,3,3,4,3,4,4,5,4,2,2,1,1,1,1,1,1,5,2,4,3,1,1,3,4,1,2,2,3,1,3,5,1,2,3,5,2,2,2,4
230,1,2,NA,20,2,1,NA,2,NA,1,NA,NA,NA,NA,NA,NA,2,NA,4,4,1,NA,NA,1,NA,NA,NA,NA,NA,NA,0,NA,NA,NA,NA,NA,NA,NA,NA,NA,NA,NA,NA,NA,4,4,4,4,4,4,5,3,5,2,1,1,3,3,4,4,4,3,2,4,3,3,3,3,3,3,4,4,3,4,4,5,3,1,4,6,7,1,7,7,7,7,3,7,7,5,3,3,3,3,6,6,5,4,4,5,5,1,5,5,1,1,4,3,4,3,3,3,2,2,1,3,2,3,1,2,5,1,1,2,5,2,4,4,5
231,1,1,NA,21,2,1,NA,3,NA,1,NA,NA,NA,NA,NA,NA,2,NA,6,5,8,NA,NA,NA,NA,NA,NA,NA,8,4,5,2,4,4,4,2,3,2,1,2,1,3,1,5,7,7,4,4,5,5,4,4,4,5,7,5,4,4,4,4,3,4,3,4,2,4,3,3,1,4,3,4,2,3,4,3,2,3,4,6,7,2,7,7,6,6,4,7,7,9,2,3,4,4,4,4,5,4,4,3,5,4,4,3,5,4,5,2,5,5,1,2,2,5,1,4,4,4,1,3,5,1,4,2,4,4,4,4,4
232,1,2,NA,20,2,1,NA,3,NA,1,NA,NA,NA,NA,NA,NA,2,NA,6,5,8,NA,NA,NA,NA,NA,NA,NA,5,3,4,2,2,4,4,1,2,2,1,1,1,4,1,5,6,6,3,4,4,4,5,4,6,5,4,3,4,4,4,4,1,4,1,3,2,4,3,4,1,4,4,4,3,5,2,4,4,2,3,5,7,2,7,7,6,6,5,5,6,5,2,3,2,2,5,6,6,2,1,3,5,5,4,2,6,2,4,3,4,5,1,3,2,4,1,3,1,4,2,2,5,2,3,2,4,4,2,2,4
233,1,1,NA,20,2,1,NA,3,NA,1,NA,NA,NA,NA,NA,NA,3,NA,6,5,8,NA,NA,NA,NA,NA,NA,NA,5,8,2,2,4,4,4,2,3,3,1,1,1,3,2,4,7,7,4,5,4,4,6,6,6,6,7,7,4,5,5,4,4,2,2,1,2,4,3,3,1,4,4,4,3,4,4,3,2,2,5,5,7,2,7,7,7,7,7,7,7,6,2,1,4,4,4,4,4,5,3,5,5,5,5,4,4,5,4,4,4,5,1,2,2,4,2,4,4,3,2,1,4,4,2,4,4,4,6,5,5
460,1,2,NA,19,2,1,NA,3,NA,1,NA,NA,NA,NA,NA,NA,2,NA,7,6,5,NA,NA,NA,NA,NA,NA,NA,8,3,3,2,5,5,5,1,4,1,2,1,2,2,1,5,7,7,5,3,6,7,7,7,7,6,7,7,5,5,5,4,4,4,1,1,1,1,3,3,1,1,3,1,1,1,1,1,1,1,7,5,7,2,7,7,7,7,5,6,7,6,1,3,2,2,4,4,4,1,1,2,5,2,3,2,3,1,4,2,4,4,1,1,1,4,1,3,2,2,1,3,5,1,2,3,5,2,4,4,4
235,1,2,NA,19,2,1,NA,3,NA,1,NA,NA,NA,NA,NA,NA,3,NA,6,5,4,NA,NA,NA,NA,NA,NA,NA,4,3,4,2,2,4,4,1,2,1,1,1,1,2,1,4,6,6,4,4,5,4,7,7,7,5,1,1,3,3,4,3,4,4,1,3,1,3,3,3,2,1,1,1,1,1,1,4,1,1,1,5,7,3,7,7,7,7,5,7,7,6,1,3,3,3,4,4,5,1,1,4,4,3,4,5,5,1,5,1,5,5,2,2,2,5,1,2,3,5,1,2,4,1,3,1,4,5,5,4,5
236,1,1,NA,20,2,1,NA,3,NA,1,NA,NA,NA,NA,NA,NA,3,NA,5,5,5,NA,NA,NA,NA,NA,NA,NA,5,8,4,2,4,4,4,2,3,2,2,2,1,4,2,4,6,5,5,4,5,4,4,5,7,5,7,6,4,4,4,4,4,4,3,3,3,4,4,4,3,4,3,5,4,4,5,4,4,4,5,3,4,1,7,7,7,7,4,5,7,9,3,3,2,2,4,4,5,5,4,4,5,5,6,4,5,4,3,4,4,3,4,3,3,3,3,4,4,5,2,3,4,2,2,2,4,4,6,6,6
237,1,1,NA,19,2,1,NA,3,NA,1,NA,NA,NA,NA,NA,NA,3,NA,7,5,5,NA,NA,NA,NA,NA,NA,NA,5,8,4,2,4,3,4,1,2,1,2,1,1,2,1,4,7,7,2,1,4,4,7,7,7,7,6,1,4,4,4,4,4,5,3,2,4,5,1,3,5,3,3,4,5,4,6,2,2,1,5,5,5,3,7,7,7,7,5,4,6,6,2,3,5,3,5,6,5,2,1,3,1,1,1,1,1,1,5,1,5,5,1,1,2,5,4,4,3,5,2,3,4,1,4,1,3,4,7,7,7
238,1,2,NA,19,2,1,NA,3,NA,1,NA,NA,NA,NA,NA,NA,2,NA,7,6,8,NA,NA,NA,NA,NA,NA,NA,8,8,6,3,2,2,1,3,4,5,1,1,1,4,1,3,7,7,3,4,7,7,1,3,3,4,7,7,4,4,5,5,4,4,3,1,3,4,3,3,1,4,2,1,4,1,1,5,2,1,3,6,6,1,7,7,7,7,4,5,5,4,1,3,1,1,4,4,4,1,1,2,3,1,6,1,2,1,3,5,2,5,2,1,3,2,1,4,5,2,1,1,5,2,2,2,5,3,3,4,3
239,1,2,NA,21,2,1,NA,3,NA,1,NA,NA,NA,NA,NA,NA,3,NA,6,5,5,NA,NA,NA,NA,NA,NA,NA,5,4,2,2,4,4,3,2,2,3,2,2,1,3,4,4,6,5,2,2,4,1,5,5,6,5,7,4,4,5,4,4,4,2,3,2,2,3,4,4,1,3,3,1,3,1,5,1,3,3,4,5,7,2,7,7,6,7,5,6,6,8,2,3,1,1,4,4,5,2,1,5,4,4,6,4,5,2,2,2,4,4,2,2,2,5,2,4,4,3,1,3,5,3,3,4,4,1,2,4,3
240,1,2,NA,23,2,3,Universiteit - Pre-master,1,NA,1,NA,NA,NA,NA,NA,NA,7,Huisgenoten,7,7,4,NA,NA,NA,NA,NA,NA,NA,4,2,2,2,2,2,2,1,1,1,2,1,2,1,1,4,4,4,3,3,3,3,6,5,6,3,7,3,4,4,4,4,3,3,4,1,1,1,1,1,1,1,1,3,4,1,1,4,4,2,5,4,4,3,5,5,3,3,6,6,6,5,1,2,2,2,5,5,2,2,1,6,3,6,4,5,5,1,5,1,5,5,1,1,1,5,1,1,2,4,1,4,4,2,4,2,4,3,6,5,6
241,1,2,NA,22,2,4,NA,1,NA,1,NA,NA,NA,NA,NA,NA,7,Huisgenoten,7,7,5,NA,NA,NA,NA,NA,NA,NA,5,8,5,2,2,4,4,2,4,4,2,1,3,2,2,5,6,6,7,6,5,6,7,7,7,6,6,7,4,2,3,2,4,4,2,3,1,2,1,3,1,4,1,4,4,5,4,6,2,2,5,7,6,3,7,7,4,3,6,7,7,8,2,2,2,2,6,6,3,5,3,5,1,2,5,1,1,3,4,2,4,5,1,3,3,4,1,1,4,2,1,2,4,3,4,4,5,3,5,5,4
242,1,2,NA,19,2,2,NA,1,NA,1,NA,NA,NA,NA,NA,NA,2,NA,7,7,4,NA,NA,NA,NA,NA,NA,NA,8,8,5,2,2,4,5,1,1,1,1,1,1,1,1,5,7,7,5,5,4,4,6,5,7,5,6,6,4,4,5,2,4,2,1,4,1,4,3,2,1,4,2,4,2,5,3,2,1,2,6,5,7,3,7,7,7,7,5,6,6,6,1,2,3,2,4,5,4,2,2,3,3,6,5,2,2,2,5,2,4,5,1,1,2,4,1,4,1,5,1,2,5,1,4,2,5,4,6,6,6
243,1,2,NA,19,2,2,NA,2,NA,1,NA,NA,NA,NA,NA,NA,7,Huisgenoten,7,7,8,NA,NA,NA,NA,NA,NA,NA,8,8,2,2,3,2,2,1,1,1,2,1,1,2,1,4,5,5,5,5,5,5,5,5,7,5,5,5,1,4,4,3,4,3,1,1,1,3,3,2,1,1,2,3,3,3,4,3,3,3,4,7,6,3,7,7,7,7,5,6,6,5,1,2,2,2,4,4,5,5,5,2,6,4,6,6,3,2,5,1,5,5,1,1,1,5,1,4,4,5,1,4,4,1,2,3,5,3,4,4,4
244,1,2,NA,23,2,4,NA,1,NA,1,NA,NA,NA,NA,NA,NA,2,NA,6,4,4,NA,NA,NA,NA,NA,NA,NA,4,1,2,2,2,3,3,2,2,1,1,1,1,4,3,4,5,5,4,3,4,4,4,4,5,3,6,5,2,2,4,3,2,2,2,2,2,3,2,2,2,4,3,2,3,2,2,3,3,2,2,6,7,3,7,7,7,7,5,7,7,4,1,2,1,1,4,4,6,1,1,1,3,1,2,2,2,1,5,3,4,4,2,2,2,4,3,1,4,5,2,2,4,2,3,2,4,4,2,2,2
245,1,2,NA,22,2,4,NA,1,NA,1,NA,NA,NA,NA,NA,NA,3,NA,7,6,5,NA,NA,NA,NA,NA,NA,NA,5,8,4,2,4,4,3,1,1,1,2,2,1,1,1,4,5,4,3,3,4,3,5,5,7,5,7,6,3,4,4,3,3,3,1,4,2,4,2,1,1,2,2,4,2,4,4,2,2,1,4,3,6,2,7,7,7,7,6,5,4,7,2,3,3,3,4,4,5,4,4,3,6,5,6,3,6,5,4,1,4,5,2,2,1,4,1,4,2,4,1,4,5,1,2,3,4,2,3,1,4
246,2,2,NA,18,2,2,NA,1,NA,1,NA,NA,NA,NA,NA,NA,3,NA,3,2,8,NA,NA,NA,NA,NA,NA,NA,4,3,5,2,4,4,4,1,2,2,2,2,1,4,2,4,6,5,4,3,4,4,6,4,7,4,5,5,4,4,4,4,3,3,2,4,2,4,4,3,3,3,3,5,4,4,5,4,3,2,5,3,7,2,7,7,7,7,4,5,4,5,1,2,3,3,4,5,6,5,3,3,5,5,5,4,2,2,4,2,4,4,1,2,1,4,2,2,4,4,2,2,4,4,4,3,4,4,5,3,3
247,2,1,NA,19,2,2,NA,1,NA,1,NA,NA,NA,NA,NA,NA,3,NA,3,3,8,NA,NA,NA,NA,NA,NA,NA,8,2,7,2,3,2,2,1,1,1,1,1,1,1,1,5,6,6,3,4,5,4,4,4,5,5,6,5,4,4,5,4,4,4,3,2,3,4,4,4,2,3,3,4,3,4,4,4,3,2,5,5,7,1,7,7,7,7,6,5,7,7,2,3,1,1,4,4,5,2,2,6,1,2,4,3,2,1,4,2,4,5,2,2,2,4,1,4,3,4,1,2,5,2,4,1,5,3,5,5,6
458,2,2,NA,19,2,2,NA,1,NA,1,NA,NA,NA,NA,NA,NA,3,NA,4,4,4,NA,NA,NA,NA,NA,NA,NA,4,4,6,2,4,4,4,1,2,1,1,1,1,5,1,5,6,6,5,3,4,4,6,4,7,5,3,2,4,4,4,3,3,2,2,3,2,4,3,2,1,4,2,4,2,4,4,3,3,2,5,2,4,1,7,7,6,6,4,6,6,5,2,3,2,2,5,5,6,2,1,2,3,4,5,2,2,2,4,4,2,4,1,1,1,4,4,4,4,4,1,4,4,1,4,2,4,4,1,2,4
249,2,2,NA,19,2,2,NA,1,NA,1,NA,NA,NA,NA,NA,NA,3,NA,4,5,5,NA,NA,NA,NA,NA,NA,NA,5,8,3,2,4,4,4,1,1,2,2,1,1,3,2,4,5,4,2,1,4,4,5,4,6,5,6,4,4,5,5,4,4,3,2,2,1,3,4,4,1,2,2,4,3,4,4,3,3,3,5,2,6,3,7,7,7,7,5,2,5,8,3,3,3,3,4,5,5,4,4,5,5,4,6,5,3,3,5,2,4,5,2,2,1,5,2,5,4,4,3,2,3,2,2,4,4,3,5,5,5
250,2,2,NA,20,2,2,NA,1,NA,1,NA,NA,NA,NA,NA,NA,6,NA,2,1,8,NA,NA,NA,NA,NA,NA,NA,8,4,3,2,1,2,2,1,1,1,2,2,1,2,1,5,6,5,4,3,4,4,6,6,6,6,5,1,3,4,4,3,2,1,1,3,1,4,1,1,1,2,1,4,4,4,4,3,2,3,5,2,5,2,7,7,7,7,3,4,7,5,2,3,2,2,3,6,5,1,1,2,1,1,2,1,1,1,5,1,5,5,1,1,1,5,1,1,2,4,1,2,4,3,3,5,3,2,1,1,1
251,2,2,NA,19,2,2,NA,1,NA,1,NA,NA,NA,NA,NA,NA,3,NA,3,3,5,NA,NA,NA,NA,NA,NA,NA,5,4,5,2,5,5,5,1,1,1,1,1,2,2,1,5,7,7,4,4,4,4,4,4,7,5,7,4,2,4,5,4,3,3,1,3,2,4,3,3,1,3,3,4,3,4,4,3,3,3,4,7,7,2,7,7,7,7,3,7,7,8,2,3,3,3,4,5,6,5,2,2,2,2,5,2,2,2,4,1,4,4,1,1,1,4,1,5,4,4,1,2,5,2,3,4,4,1,2,4,4
252,2,2,NA,20,2,2,NA,1,NA,6,België,2016,1,NA,1,NA,3,NA,4,4,3,NA,NA,NA,NA,NA,NA,NA,3,3,4,2,2,5,3,1,1,1,1,1,1,1,1,5,4,4,4,4,4,4,4,4,7,3,2,1,2,4,4,3,2,3,1,2,3,3,2,2,1,3,2,2,2,2,2,2,2,2,4,3,5,1,7,7,7,7,4,4,5,7,1,2,3,3,4,4,4,2,2,2,2,1,5,1,4,2,4,4,5,4,1,1,3,4,2,3,2,4,2,2,4,3,4,3,4,3,5,5,5
253,2,2,NA,23,1,2,NA,1,NA,1,NA,NA,NA,NA,NA,NA,3,NA,5,5,3,NA,NA,NA,NA,NA,NA,NA,4,2,4,2,3,4,4,1,1,1,1,1,1,2,1,4,6,5,4,3,5,4,5,5,6,4,3,1,3,3,4,4,3,4,2,2,2,4,2,3,2,2,2,2,2,3,2,2,2,2,2,4,7,1,6,7,7,7,3,2,5,7,2,3,3,2,3,7,5,5,2,4,3,3,6,2,2,2,4,4,3,5,1,3,2,4,2,2,4,3,2,2,5,4,3,5,5,2,4,3,4
254,2,2,NA,19,2,2,NA,1,NA,1,NA,NA,NA,NA,NA,NA,3,NA,5,5,8,NA,NA,NA,NA,NA,NA,NA,8,4,7,2,4,3,3,1,4,1,1,1,1,4,2,4,6,6,4,4,6,5,5,5,6,4,6,3,3,4,4,4,2,4,2,2,2,4,3,3,2,3,3,4,2,4,4,2,2,2,5,3,7,1,7,7,7,7,4,2,6,4,2,3,3,3,4,5,5,6,2,4,2,2,5,2,5,2,4,2,5,5,1,1,2,5,2,2,3,5,2,4,5,2,5,3,4,4,3,5,5
255,2,2,NA,19,2,2,NA,1,NA,1,NA,NA,NA,NA,NA,NA,3,NA,3,3,8,NA,NA,NA,NA,NA,NA,NA,8,4,5,2,4,4,4,1,1,1,2,2,1,2,1,4,6,6,4,4,5,4,6,6,6,5,7,5,3,4,4,2,2,3,2,1,2,4,3,2,2,1,2,3,2,2,2,2,1,1,4,1,NA,NA,7,7,6,6,4,2,2,7,2,3,4,4,4,4,5,3,2,3,3,3,5,3,4,2,3,3,4,5,4,2,2,4,1,4,4,4,1,2,5,3,2,4,4,2,4,4,4
256,2,2,NA,19,1,2,NA,1,NA,1,NA,NA,NA,NA,NA,NA,3,NA,5,6,4,NA,NA,NA,NA,NA,NA,NA,4,3,5,2,4,3,4,1,2,1,1,1,1,2,1,4,7,6,6,5,6,5,6,6,7,5,6,2,3,4,3,4,3,4,1,3,1,4,1,1,1,2,2,2,2,3,2,2,1,2,5,3,7,2,2,5,5,6,5,1,1,7,1,3,3,3,5,5,5,4,1,1,2,1,3,1,1,1,5,1,4,5,1,1,1,4,2,2,3,5,2,4,5,1,5,2,5,3,3,2,5
449,2,2,NA,18,2,2,NA,1,NA,1,NA,NA,NA,NA,NA,NA,3,NA,5,5,4,NA,NA,NA,NA,NA,NA,NA,8,4,6,2,2,3,3,4,2,4,2,2,2,4,2,2,5,5,3,6,4,3,4,4,6,3,7,5,4,4,2,4,4,4,3,4,2,4,3,3,1,4,4,3,5,3,4,5,3,3,3,3,7,2,7,7,7,7,5,3,3,5,2,1,1,1,3,5,4,4,3,6,6,4,6,6,6,5,3,4,2,2,4,4,4,2,2,5,4,4,2,1,4,3,2,3,4,3,4,5,2
258,2,2,NA,19,2,2,NA,1,NA,1,NA,NA,NA,NA,NA,NA,3,NA,4,3,5,NA,NA,NA,NA,NA,NA,NA,5,4,3,2,3,3,3,1,1,1,2,1,2,2,1,4,6,6,4,4,4,4,6,3,6,5,7,2,4,4,4,3,3,2,1,2,2,4,1,1,1,4,4,4,3,4,4,3,2,2,5,3,7,1,7,7,7,7,7,2,5,6,1,3,1,1,1,3,4,4,1,3,5,6,5,5,5,1,4,1,4,3,1,3,3,4,2,3,4,4,2,3,4,2,5,3,4,2,2,2,2
259,2,2,NA,19,2,2,NA,1,NA,1,NA,NA,NA,NA,NA,NA,3,NA,6,4,2,NA,NA,NA,NA,NA,NA,NA,2,2,5,2,5,5,5,2,2,1,3,2,1,3,2,5,3,3,5,6,5,5,1,1,2,2,1,1,3,3,3,1,3,4,3,3,1,4,2,4,3,4,4,4,4,4,4,2,3,2,4,2,7,2,7,7,7,6,7,1,1,8,2,3,1,1,2,2,3,2,2,4,3,4,4,1,1,1,4,2,4,4,1,2,2,4,1,4,4,4,2,3,5,2,3,3,5,4,2,1,2
265,2,2,NA,18,2,2,NA,1,NA,1,NA,NA,NA,NA,NA,NA,3,NA,5,2,3,NA,NA,NA,NA,NA,NA,NA,4,4,7,2,5,2,3,1,1,2,1,1,1,5,1,5,6,6,4,1,4,4,7,5,7,7,5,5,4,2,5,4,4,3,1,5,2,4,3,2,1,2,2,4,2,3,5,3,2,3,5,4,7,1,7,7,7,7,5,6,6,8,3,3,3,3,4,4,6,2,2,1,1,1,3,1,2,1,5,3,4,1,1,1,1,5,1,4,3,5,1,2,5,1,4,1,5,4,5,2,7
266,2,2,NA,22,2,2,NA,1,NA,1,NA,NA,NA,NA,NA,NA,3,NA,3,3,3,NA,NA,NA,NA,NA,NA,NA,4,2,4,2,3,5,5,1,1,1,1,1,1,3,1,3,6,4,4,4,5,5,5,5,6,4,3,2,4,4,4,4,3,4,1,3,1,2,3,3,2,2,2,2,2,3,4,2,2,2,1,1,NA,NA,7,7,7,7,4,1,3,8,3,3,4,3,5,5,5,5,5,1,1,1,5,1,1,1,4,3,4,4,2,2,2,5,2,4,4,4,1,2,5,2,3,2,5,3,6,6,5
267,2,2,NA,20,2,2,NA,1,NA,1,NA,NA,NA,NA,NA,NA,3,NA,6,4,5,NA,NA,NA,NA,NA,NA,NA,5,5,10,2,4,4,4,1,1,1,1,1,1,1,1,4,6,6,2,5,5,3,4,4,4,5,2,2,4,3,4,2,4,4,2,2,1,2,1,1,1,2,3,5,6,5,5,4,2,2,4,3,7,3,7,7,7,7,5,5,5,5,1,2,2,2,4,4,6,4,3,1,4,3,4,2,1,2,4,4,4,4,1,1,1,4,1,3,4,4,1,1,4,2,4,3,4,3,5,4,5
268,2,2,NA,22,1,2,NA,1,NA,1,NA,NA,NA,NA,NA,NA,3,NA,7,7,8,NA,NA,NA,NA,NA,NA,NA,5,8,10,2,4,4,4,1,1,1,2,1,1,4,1,5,7,6,2,4,4,4,6,6,7,6,5,1,4,4,4,5,4,3,1,3,2,2,1,2,1,2,2,3,3,4,4,3,3,1,3,6,7,2,1,1,7,7,5,7,7,8,2,1,1,1,4,5,3,5,1,6,4,4,3,5,3,5,4,2,5,3,4,2,2,4,1,2,4,4,3,5,4,1,4,1,5,4,5,6,5
439,2,2,NA,19,2,2,NA,1,NA,1,NA,NA,NA,NA,NA,NA,3,NA,3,3,8,NA,NA,NA,NA,NA,NA,NA,5,3,4,2,4,4,4,1,1,1,1,2,1,4,1,5,6,6,5,6,5,4,7,6,7,4,6,4,4,5,4,3,4,4,1,2,1,3,1,3,2,1,1,4,2,3,4,2,2,1,4,3,7,2,7,7,7,7,5,2,2,6,1,3,4,3,4,7,5,2,1,1,2,2,3,1,1,1,5,1,5,5,1,1,1,5,2,1,1,3,1,5,2,2,5,2,2,4,4,4,6
270,1,1,NA,18,1,1,NA,1,NA,1,NA,NA,NA,NA,NA,NA,4,NA,7,5,4,NA,NA,NA,NA,NA,NA,NA,4,2,3,2,4,4,4,1,2,2,1,2,1,3,4,3,5,5,3,5,4,4,3,3,3,5,3,1,4,4,4,3,2,3,3,4,2,4,3,2,2,2,3,4,3,4,5,5,3,3,2,7,7,2,7,7,6,6,5,6,6,6,3,3,4,4,6,6,5,6,6,3,5,4,5,4,3,3,4,2,4,4,1,2,2,3,2,2,2,4,2,4,4,2,3,3,4,3,3,2,2
271,1,2,NA,18,1,1,NA,2,NA,1,NA,NA,NA,NA,NA,NA,4,NA,6,6,8,NA,NA,NA,NA,NA,NA,NA,5,4,8,2,3,4,2,2,3,2,1,1,1,2,1,4,6,6,4,4,5,4,5,5,7,5,7,6,4,4,4,2,2,4,1,4,1,3,3,3,1,2,4,4,3,4,4,2,2,1,5,7,7,2,7,7,4,7,6,7,7,5,2,2,5,4,4,4,5,4,4,5,5,4,4,2,2,2,5,1,5,5,1,1,1,5,1,4,4,4,1,2,4,2,4,3,5,4,5,3,5
272,1,2,NA,18,1,1,NA,2,NA,1,NA,NA,NA,NA,NA,NA,4,NA,6,6,8,NA,NA,NA,NA,NA,NA,NA,2,1,3,2,4,5,4,1,2,1,1,1,1,2,1,4,5,5,4,4,4,4,5,5,7,5,6,4,4,4,4,4,4,3,2,3,1,4,3,3,1,3,3,3,2,4,5,4,2,1,5,6,7,3,7,7,7,7,5,4,2,8,2,1,1,1,4,4,5,2,1,2,4,2,5,2,2,2,4,1,5,5,2,1,1,4,2,1,4,4,1,3,4,4,4,4,4,3,4,2,5
447,1,1,NA,18,1,2,NA,1,NA,1,NA,NA,NA,NA,NA,NA,4,NA,7,5,8,NA,NA,NA,NA,NA,NA,NA,8,8,7,2,3,4,4,1,1,1,2,2,2,1,2,4,6,4,3,2,4,4,4,4,4,5,7,2,4,4,4,4,4,3,2,3,1,3,3,2,2,3,3,5,5,5,5,4,2,2,5,5,7,2,4,6,4,7,5,6,2,6,1,3,4,3,4,4,5,4,3,2,3,2,4,2,5,1,4,1,4,4,1,1,1,4,2,2,3,4,3,4,4,4,4,3,4,2,4,4,4
274,1,1,NA,18,1,2,NA,1,NA,1,NA,NA,NA,NA,NA,NA,2,NA,6,6,8,NA,NA,NA,NA,NA,NA,NA,8,4,8,2,2,4,3,1,1,1,1,1,1,3,1,5,6,6,4,3,5,4,4,4,7,6,7,3,3,4,5,4,2,4,1,5,1,4,2,2,1,3,3,2,4,3,4,2,3,2,4,6,7,2,7,7,6,6,5,6,6,8,1,1,3,1,3,2,5,6,2,5,2,2,6,4,5,5,4,2,5,5,1,1,1,4,2,1,4,4,3,5,3,2,5,2,4,3,2,2,2
462,1,1,NA,19,1,1,NA,2,NA,1,NA,NA,NA,NA,NA,NA,2,NA,6,4,4,NA,NA,NA,NA,NA,NA,NA,4,4,8,2,1,3,4,2,1,2,1,1,1,1,1,4,4,4,4,4,4,4,4,4,4,4,5,2,4,3,3,2,3,3,2,3,2,3,2,2,3,1,2,4,5,3,5,5,5,5,3,6,7,2,6,6,6,6,7,4,3,9,2,3,4,4,3,3,5,3,1,5,1,2,2,2,3,5,4,2,4,3,2,2,2,3,1,3,4,4,2,2,4,1,4,3,5,3,3,3,5
276,1,2,NA,18,1,1,NA,1,NA,1,NA,NA,NA,NA,NA,NA,4,NA,7,6,4,NA,NA,NA,NA,NA,NA,NA,8,4,6,2,5,4,4,2,2,2,1,1,1,3,1,4,5,5,4,4,5,4,5,5,5,5,6,6,3,4,4,4,3,4,2,3,2,2,3,3,2,3,3,5,4,5,5,4,2,2,5,6,7,2,6,5,5,6,5,6,6,6,2,2,4,4,4,4,4,5,5,2,2,3,3,2,1,1,4,1,5,5,1,1,1,4,3,2,3,4,4,4,4,4,4,3,3,3,5,5,6
277,1,1,NA,19,1,2,NA,1,NA,1,NA,NA,NA,NA,NA,NA,4,NA,6,5,4,NA,NA,NA,NA,NA,NA,NA,4,2,5,2,4,4,4,1,1,1,1,1,1,3,4,4,6,6,3,3,4,4,5,5,5,3,6,4,3,4,3,2,1,1,3,3,3,2,3,3,1,2,3,1,1,1,1,1,1,1,4,5,7,3,7,7,7,7,5,6,6,7,1,1,2,2,3,3,5,2,2,2,2,1,5,2,2,2,4,2,4,4,4,2,2,3,2,2,2,4,2,4,4,2,3,2,4,2,3,3,4
281,1,2,NA,20,1,2,NA,1,NA,1,NA,NA,NA,NA,NA,NA,2,NA,7,7,6,NA,NA,NA,NA,NA,NA,NA,5,5,10,2,4,4,5,1,1,1,1,1,1,2,1,5,6,6,3,3,5,5,6,5,6,7,1,1,4,4,4,4,4,4,1,2,1,3,1,1,4,1,1,3,5,4,5,5,3,1,4,2,7,3,7,7,7,7,3,1,1,7,2,3,4,4,4,4,4,5,2,3,5,4,6,5,2,2,1,1,5,5,1,1,1,5,1,1,4,5,1,1,4,1,4,1,4,3,4,2,5
282,1,2,NA,20,2,1,NA,1,NA,1,NA,NA,NA,NA,NA,NA,2,NA,4,4,3,NA,NA,NA,NA,NA,NA,NA,2,1,4,2,3,4,4,4,3,4,2,2,1,4,3,4,6,6,5,2,2,3,4,4,4,6,1,1,3,1,2,2,2,3,4,4,4,4,2,2,2,2,2,5,5,5,5,5,5,5,4,5,7,3,6,6,6,6,4,6,6,7,3,1,2,1,4,4,6,2,2,2,2,2,2,2,2,2,4,4,2,4,4,2,4,3,2,2,4,4,2,1,5,2,3,2,4,4,6,5,5
283,1,1,NA,19,1,1,NA,1,NA,1,NA,NA,NA,NA,NA,NA,2,NA,7,7,4,NA,NA,NA,NA,NA,NA,NA,4,4,10,2,3,2,3,1,1,1,1,1,1,1,2,5,5,4,4,5,4,4,7,7,7,5,6,2,3,2,5,4,3,3,1,3,2,4,1,4,1,2,4,1,1,2,2,1,2,1,4,7,7,2,7,7,7,7,3,7,7,5,2,2,3,3,6,6,6,4,4,3,1,1,4,1,1,1,5,1,5,5,5,1,1,5,1,1,1,5,1,4,4,1,5,1,4,5,3,1,6
284,1,2,NA,20,1,3,Tussenjaar,7,Tussenjaar,1,NA,NA,NA,NA,NA,NA,2,NA,7,7,5,NA,NA,NA,NA,NA,NA,NA,5,8,10,2,4,4,3,2,2,2,1,2,1,4,1,5,6,5,4,2,4,4,4,4,4,5,6,2,3,3,4,3,2,2,2,2,3,3,3,3,1,4,3,3,2,2,2,2,2,2,4,1,NA,NA,7,7,6,6,4,5,5,6,1,3,4,4,4,4,4,4,4,3,5,4,5,2,3,2,4,2,4,5,1,2,1,4,2,2,4,4,2,2,4,2,3,2,4,3,3,2,4
285,1,1,NA,21,1,1,NA,3,NA,1,NA,NA,NA,NA,NA,NA,2,NA,6,6,8,NA,NA,NA,NA,NA,NA,NA,8,4,5,2,4,4,4,1,1,1,1,1,1,5,2,5,5,5,4,4,4,4,4,4,4,5,6,6,4,4,4,2,3,2,2,2,2,3,3,2,1,3,3,4,3,4,4,4,3,2,4,4,4,1,7,7,7,7,4,6,6,4,1,2,3,3,4,5,4,4,4,1,1,1,1,1,1,1,5,4,5,5,1,1,1,4,2,1,2,4,2,4,4,4,5,4,4,4,2,2,4
286,1,2,NA,20,2,1,NA,3,NA,1,NA,NA,NA,NA,NA,NA,2,NA,6,5,8,NA,NA,NA,NA,NA,NA,NA,8,8,8,2,4,4,5,2,2,2,2,2,2,5,2,5,6,6,3,3,4,3,7,7,7,7,7,7,5,4,5,4,4,3,3,3,3,4,4,4,2,3,4,5,2,5,5,2,2,4,5,2,6,1,7,7,7,7,5,1,1,7,2,3,1,1,4,4,6,6,1,2,5,6,6,6,5,5,5,4,3,5,1,3,1,5,1,3,3,5,1,1,4,3,2,2,5,3,5,4,5
287,2,1,NA,19,2,2,NA,1,NA,1,NA,NA,NA,NA,NA,NA,3,NA,5,3,3,NA,NA,NA,NA,NA,NA,NA,2,2,2,2,1,2,2,1,1,1,1,1,1,1,1,2,4,5,3,3,3,3,5,6,6,5,2,1,1,3,3,1,1,1,3,3,1,1,1,1,1,3,1,4,3,3,3,3,4,3,2,2,5,1,5,5,6,6,6,1,4,8,2,3,4,5,5,5,5,4,4,5,5,2,4,3,4,5,4,5,2,3,3,4,4,2,2,4,4,4,2,2,4,3,3,4,4,1,5,3,4
288,2,2,NA,19,2,2,NA,1,NA,1,NA,NA,NA,NA,NA,NA,3,NA,3,3,4,NA,NA,NA,NA,NA,NA,NA,8,4,4,2,2,2,2,1,2,1,2,1,1,1,1,2,5,4,4,4,5,4,5,5,7,7,6,6,3,4,4,2,3,3,1,2,1,3,1,2,1,1,2,3,2,2,3,4,3,1,2,2,7,1,7,7,6,7,5,2,4,6,3,3,5,5,5,7,5,5,4,2,5,2,3,2,3,2,4,4,3,4,3,2,3,4,1,4,2,4,1,3,5,1,4,2,5,3,2,2,5
289,2,1,NA,18,2,2,NA,1,NA,6,Duitsland,1999,6,Duitsland,1,NA,3,NA,2,2,4,NA,NA,NA,NA,NA,NA,NA,3,2,4,2,1,2,2,1,1,1,1,1,1,2,1,2,4,4,3,4,4,4,6,5,6,2,5,5,2,4,4,1,3,2,1,1,1,3,1,1,1,3,3,4,2,1,4,4,2,2,2,6,6,3,6,6,6,6,5,6,6,10,3,2,3,3,4,5,5,4,4,2,3,2,5,2,2,2,4,2,4,4,1,2,2,4,3,3,2,4,1,3,5,1,4,4,5,3,2,2,4
290,2,2,NA,18,2,2,NA,1,NA,1,NA,NA,NA,NA,NA,NA,2,NA,6,5,4,NA,NA,NA,NA,NA,NA,NA,8,3,4,2,5,4,5,1,1,2,2,1,1,4,1,4,6,6,4,5,5,4,5,5,6,4,6,5,4,4,4,3,4,4,2,3,2,3,3,3,1,2,2,5,5,5,2,4,3,2,4,3,3,2,7,7,7,7,5,5,5,3,1,3,3,3,4,5,4,1,1,5,4,3,4,3,3,2,4,4,4,5,2,2,2,3,1,4,4,4,2,2,5,3,2,3,5,4,1,2,4
291,2,2,NA,18,2,2,NA,1,NA,1,NA,NA,NA,NA,NA,NA,3,NA,4,2,8,NA,NA,NA,NA,NA,NA,NA,4,3,7,2,4,5,5,2,2,2,1,2,1,5,3,5,7,7,4,4,6,6,6,6,6,5,6,5,5,5,5,5,3,4,1,3,1,4,3,4,1,4,4,4,1,4,4,1,1,1,6,3,5,2,6,7,4,6,3,3,3,4,1,2,3,2,5,7,5,3,2,4,4,3,5,2,1,1,5,1,4,5,2,1,1,5,1,2,1,2,1,3,4,1,4,2,5,4,1,1,4
292,1,2,NA,22,2,2,NA,3,NA,1,NA,NA,NA,NA,NA,NA,2,NA,6,5,8,NA,NA,NA,NA,NA,NA,NA,5,2,4,2,2,2,2,1,1,1,1,1,1,3,1,5,7,7,5,3,4,4,5,5,5,5,6,4,2,4,4,3,2,4,2,3,2,3,3,4,2,2,2,4,1,4,4,4,3,2,4,6,7,2,7,7,5,5,3,7,7,6,1,2,5,6,5,5,5,4,4,5,2,4,6,2,6,2,5,2,4,5,1,2,4,4,1,3,4,4,1,2,5,2,4,1,4,3,4,2,4
293,1,2,NA,23,2,1,NA,4,NA,1,NA,NA,NA,NA,NA,NA,2,NA,7,7,8,NA,NA,NA,NA,NA,NA,NA,8,3,4,2,1,4,2,2,2,2,1,1,1,4,2,5,6,6,4,4,4,4,4,4,4,3,6,1,3,4,3,1,1,3,1,1,1,2,1,3,1,3,3,2,1,2,2,2,1,2,4,1,NA,NA,7,7,7,7,4,1,5,4,1,3,2,2,4,4,3,1,1,1,1,1,3,1,2,1,4,3,3,4,1,2,3,3,1,2,3,2,1,3,5,4,4,3,4,1,2,2,4
294,1,1,NA,23,2,2,NA,4,NA,1,NA,NA,NA,NA,NA,NA,2,NA,7,7,8,NA,NA,NA,NA,NA,NA,NA,5,4,3,2,2,3,2,1,2,1,1,1,2,4,2,4,5,5,4,4,4,4,4,4,7,4,1,1,1,4,3,1,1,4,2,1,1,1,1,1,1,2,1,5,4,3,1,4,2,2,2,4,7,2,7,7,7,7,6,5,5,8,2,3,4,2,4,4,4,2,2,1,1,5,5,1,4,1,5,3,4,5,1,1,1,5,1,5,5,5,1,1,5,1,4,1,4,4,1,1,1
467,1,1,NA,24,2,1,NA,4,NA,1,NA,NA,NA,NA,NA,NA,2,NA,5,4,4,NA,NA,NA,NA,NA,NA,NA,4,2,4,2,4,4,4,2,1,1,5,4,4,3,2,2,3,3,2,2,2,2,5,5,6,6,4,2,3,2,3,4,2,2,4,2,2,4,1,2,1,2,2,4,3,4,4,3,2,3,4,5,7,3,7,7,6,7,2,6,7,5,1,3,1,2,6,7,4,2,2,2,5,1,6,5,5,1,4,4,3,2,4,4,5,3,1,4,4,1,1,1,5,4,3,4,5,1,1,2,1
296,1,1,NA,23,2,4,NA,1,NA,1,NA,NA,NA,NA,NA,NA,7,(oud) huisgenoten,6,6,4,NA,NA,NA,NA,NA,NA,NA,8,3,4,2,4,4,4,1,1,1,2,1,1,2,1,3,5,5,3,3,4,4,4,4,6,4,5,4,3,4,4,3,3,2,3,2,2,3,2,3,3,2,2,4,2,4,4,4,2,2,5,3,6,2,6,6,6,6,4,5,5,4,1,2,4,3,4,4,6,3,2,2,2,2,5,2,3,1,4,2,5,5,1,1,1,5,2,2,4,3,2,4,4,3,4,2,4,4,3,4,5
297,1,2,NA,23,2,4,NA,1,NA,1,NA,NA,NA,NA,NA,NA,2,NA,7,5,2,NA,NA,NA,NA,NA,NA,NA,3,1,2,2,2,2,2,2,2,1,1,1,1,2,1,3,6,6,4,4,6,4,5,5,7,6,6,4,4,4,4,2,3,4,2,2,1,1,1,2,2,4,3,4,2,3,4,4,2,2,2,7,4,1,7,7,7,7,5,6,6,9,2,1,1,2,5,7,6,2,1,2,1,3,4,2,4,1,5,3,4,5,1,1,2,3,1,4,2,5,1,2,4,1,5,3,3,2,4,5,4
298,1,2,NA,23,2,4,NA,6,NA,1,NA,NA,NA,NA,NA,NA,2,NA,7,7,5,NA,NA,NA,NA,NA,NA,NA,6,5,5,2,5,5,5,2,4,2,2,1,2,5,5,5,5,5,1,4,4,4,5,3,4,4,6,6,5,5,5,4,3,4,3,1,1,3,4,5,4,3,3,4,4,4,4,4,2,1,5,3,7,2,7,7,7,7,5,2,2,4,1,3,1,1,3,3,4,1,1,2,5,1,5,1,1,1,5,3,5,5,1,1,1,5,1,3,2,5,1,3,5,5,4,4,5,3,2,1,4
299,1,2,NA,24,2,3,Universiteit- pre-master,7,Is maar 1 jaar,1,NA,NA,NA,NA,NA,NA,2,NA,6,7,4,NA,NA,NA,NA,NA,NA,NA,3,3,6,2,3,2,3,1,1,1,1,1,1,4,1,5,5,2,3,3,3,3,5,6,6,4,5,5,4,3,3,4,3,2,1,4,1,3,1,1,1,1,2,1,1,1,3,2,1,3,4,4,7,2,7,7,7,7,4,3,3,4,2,3,2,2,4,4,5,4,4,2,2,3,1,4,2,1,5,2,5,5,2,2,2,5,1,1,1,5,2,5,5,3,4,2,5,4,2,2,3
300,1,2,NA,23,2,4,NA,1,NA,1,NA,NA,NA,NA,NA,NA,2,NA,6,6,5,NA,NA,NA,NA,NA,NA,NA,5,4,3,2,2,4,4,1,2,2,2,2,1,4,1,5,7,6,4,2,5,3,6,6,7,6,6,6,5,5,4,4,4,3,2,2,2,3,2,3,1,3,3,2,2,3,4,4,3,2,5,4,7,2,7,7,7,7,6,5,6,8,3,3,4,4,4,4,6,4,2,5,2,4,2,2,5,3,4,3,4,4,2,3,2,4,1,3,2,2,1,4,5,4,4,5,5,2,2,3,4
301,1,1,NA,23,2,4,NA,1,NA,1,NA,NA,NA,NA,NA,NA,2,NA,7,7,5,NA,NA,NA,NA,NA,NA,NA,5,4,5,2,4,5,5,1,2,1,1,1,1,4,3,5,6,6,4,5,5,4,5,6,6,5,7,7,4,4,4,3,3,4,3,2,1,5,4,3,1,4,4,4,2,4,4,3,2,2,3,2,7,2,7,7,7,7,5,2,5,12,1,2,2,2,4,6,6,1,1,2,4,5,3,4,1,1,5,2,5,4,1,2,1,5,1,4,5,4,2,2,4,1,2,1,4,4,1,2,1
302,1,1,NA,23,2,4,NA,2,NA,1,NA,NA,NA,NA,NA,NA,2,NA,7,6,4,NA,NA,NA,NA,NA,NA,NA,4,2,4,2,3,4,4,2,2,2,2,1,1,5,4,5,6,6,4,4,4,4,6,6,7,5,4,4,4,4,4,4,4,5,1,3,1,5,2,3,2,2,2,4,3,4,3,4,3,2,4,5,7,2,7,7,7,7,5,7,7,5,1,2,4,4,5,7,5,4,1,1,4,2,3,1,3,1,5,2,5,4,1,1,2,4,1,2,2,4,1,4,4,2,3,1,5,4,4,2,6
303,1,2,NA,23,2,4,NA,6,NA,1,NA,NA,NA,NA,NA,NA,2,NA,7,6,8,NA,NA,NA,NA,NA,NA,NA,8,4,4,2,5,5,4,1,1,1,1,2,1,3,1,5,7,7,4,4,5,4,7,7,7,6,6,2,3,4,3,2,2,3,2,3,2,2,2,2,1,4,4,4,1,4,4,3,2,1,5,5,7,2,7,7,7,7,5,7,6,6,2,3,2,2,7,7,5,4,4,3,4,4,2,1,1,1,4,2,4,5,1,1,2,4,1,2,4,3,1,2,4,1,3,3,4,2,2,2,4
304,2,2,NA,21,2,2,NA,2,NA,4,NA,1996,4,NA,4,NA,2,NA,6,4,2,NA,NA,NA,NA,NA,NA,NA,3,1,3,2,4,4,4,2,1,2,1,1,1,4,2,4,6,6,3,3,4,4,5,4,6,6,5,4,3,3,4,4,3,4,2,4,1,4,1,2,3,2,2,4,4,4,4,5,3,2,2,2,6,1,7,7,7,7,4,6,6,7,2,3,1,1,3,6,6,1,1,5,3,2,5,2,3,1,4,3,4,4,1,2,2,4,2,4,5,5,2,2,4,1,3,3,3,4,3,2,3
305,1,2,NA,20,2,2,NA,2,NA,1,NA,NA,NA,NA,NA,NA,3,NA,5,5,3,NA,NA,NA,NA,NA,NA,NA,3,2,4,2,2,3,3,1,2,2,1,1,1,2,4,4,6,6,3,4,4,3,6,6,6,5,5,2,4,4,4,4,2,3,2,3,2,2,2,2,2,3,2,5,3,5,5,3,2,2,4,6,7,3,7,7,7,7,2,6,6,5,2,3,4,4,5,5,5,3,3,5,5,5,5,3,4,3,4,2,4,4,2,2,2,4,4,3,3,4,3,4,2,2,4,2,2,4,5,4,5
306,2,2,NA,19,2,2,NA,2,NA,1,NA,NA,NA,NA,NA,NA,3,NA,5,5,5,NA,NA,NA,NA,NA,NA,NA,5,8,6,2,2,2,5,1,2,2,1,1,1,4,1,5,5,5,4,4,4,4,6,5,7,5,6,2,3,4,4,3,2,4,2,2,3,5,3,1,3,2,2,5,3,5,5,4,4,2,4,4,7,2,7,7,7,7,3,5,7,5,1,2,3,3,4,7,4,2,2,3,3,2,5,2,2,1,5,1,4,5,1,2,1,5,1,4,2,5,1,2,5,1,4,3,4,3,5,5,4
307,2,2,NA,21,2,2,NA,2,NA,1,NA,NA,NA,NA,NA,NA,2,NA,6,5,3,NA,NA,NA,NA,NA,NA,NA,3,1,2,2,4,1,2,1,1,1,1,1,1,1,1,3,5,4,5,3,4,4,5,5,7,3,4,4,1,3,3,3,1,4,1,4,2,4,1,1,1,1,1,4,3,3,2,6,3,2,1,7,4,2,6,6,5,5,5,7,7,8,3,3,5,4,5,6,5,6,4,4,1,1,5,1,1,4,4,3,3,4,1,2,2,4,3,4,5,3,4,2,4,4,3,4,4,2,4,2,4
308,2,2,NA,20,2,2,NA,2,NA,1,NA,NA,NA,NA,NA,NA,2,NA,6,6,5,NA,NA,NA,NA,NA,NA,NA,5,5,5,2,4,4,4,1,3,1,2,1,1,4,1,5,7,6,5,6,6,7,7,7,7,6,7,7,4,5,5,4,4,4,1,2,1,5,3,4,1,2,2,4,1,4,4,2,1,3,4,2,6,3,7,7,7,7,5,5,6,5,2,3,3,3,4,4,5,4,4,5,5,4,5,2,5,1,5,1,5,5,1,1,1,5,1,4,4,5,1,4,5,1,2,2,5,4,6,5,5
309,1,2,NA,22,2,4,NA,2,NA,1,NA,NA,NA,NA,NA,NA,2,NA,7,5,8,NA,NA,NA,NA,NA,NA,NA,8,2,3,2,4,4,4,1,3,2,1,2,2,3,1,4,5,5,4,4,4,4,6,6,6,5,6,5,3,4,4,4,3,3,3,3,2,4,3,3,3,3,3,4,4,4,4,4,4,4,5,5,7,1,6,6,5,6,5,6,6,6,2,3,3,3,4,5,5,4,4,2,5,4,5,3,4,2,4,2,4,4,1,2,3,4,2,4,4,4,2,2,4,1,3,3,4,3,5,3,5
452,1,2,NA,19,2,1,NA,1,NA,1,NA,NA,NA,NA,NA,NA,7,Huisgenoten,6,4,8,NA,NA,NA,NA,NA,NA,NA,5,8,10,2,3,3,3,2,2,2,2,1,1,4,1,5,5,5,4,4,4,4,6,4,7,5,7,6,4,4,5,5,3,2,2,3,1,4,2,3,1,2,3,3,3,3,5,6,2,2,6,5,7,2,7,7,7,7,6,6,6,7,1,3,4,3,4,7,5,3,2,5,1,2,4,2,2,2,5,2,4,5,1,2,1,4,1,1,1,5,1,2,4,1,4,2,4,3,5,6,6
312,2,2,NA,20,2,2,NA,1,NA,1,NA,NA,NA,NA,NA,NA,3,NA,4,3,4,NA,NA,NA,NA,NA,NA,NA,4,3,4,2,4,4,4,1,2,1,1,1,1,4,1,5,6,6,3,4,5,4,5,5,5,2,6,5,4,4,4,4,3,3,4,2,1,3,2,1,1,3,3,4,4,4,4,2,2,1,4,3,7,1,7,7,6,7,3,5,7,5,2,3,1,1,4,6,6,2,1,2,2,3,2,2,2,2,4,2,4,5,1,2,2,4,2,3,3,3,2,2,4,2,4,2,4,3,2,3,2
313,2,1,NA,22,2,2,NA,1,NA,1,NA,NA,NA,NA,NA,NA,3,NA,5,4,3,NA,NA,NA,NA,NA,NA,NA,4,2,4,2,4,3,4,2,3,2,1,2,2,3,2,5,5,4,3,3,3,3,4,4,4,2,6,2,3,4,3,3,3,4,4,3,3,3,2,2,2,2,2,4,4,4,2,5,3,3,3,3,6,1,7,7,7,7,6,2,2,8,2,3,4,4,6,7,4,1,1,3,5,5,5,1,5,2,3,3,3,4,1,3,3,2,1,4,4,5,1,2,5,3,3,4,5,4,3,2,3
314,2,2,NA,22,1,2,NA,1,NA,1,NA,NA,NA,NA,NA,NA,3,NA,5,3,8,NA,NA,NA,NA,NA,NA,NA,8,8,10,2,2,4,5,2,5,3,1,1,1,5,4,5,5,5,3,3,3,3,5,4,4,4,5,1,2,1,2,3,1,2,1,1,1,1,1,1,1,1,1,3,5,3,3,4,1,1,3,3,7,1,6,6,6,6,3,2,2,7,2,2,3,3,6,6,6,6,1,2,2,2,2,1,3,5,5,1,5,5,5,1,1,5,1,4,4,5,1,3,5,1,3,2,4,5,4,4,3
315,2,1,NA,19,2,2,NA,1,NA,1,NA,NA,NA,NA,NA,NA,3,NA,5,2,4,NA,NA,NA,NA,NA,NA,NA,8,3,4,2,3,3,3,1,1,1,1,1,1,1,1,3,5,5,3,3,4,4,4,4,5,3,6,2,2,5,4,2,2,4,1,3,2,4,3,3,1,2,4,2,2,2,2,2,2,2,2,4,7,1,7,7,7,7,6,6,6,10,5,3,4,4,3,4,6,5,5,1,1,2,1,1,1,1,4,3,4,4,2,2,2,4,1,1,1,2,1,4,5,1,4,2,5,4,3,2,5
316,2,2,NA,18,2,2,NA,1,NA,1,NA,NA,NA,NA,NA,NA,3,NA,4,3,4,NA,NA,NA,NA,NA,NA,NA,4,3,4,2,4,3,2,1,3,2,2,1,2,5,1,4,6,6,5,4,5,5,5,5,7,4,6,4,4,5,4,3,3,4,1,2,1,5,3,3,2,3,4,4,1,3,3,4,1,2,3,5,7,2,7,7,7,7,6,7,7,9,2,3,4,4,4,6,5,2,1,5,5,2,6,1,2,1,4,1,4,5,1,1,2,4,1,5,4,3,1,1,5,4,3,4,3,3,6,5,4
444,2,2,NA,19,2,2,NA,1,NA,1,NA,NA,NA,NA,NA,NA,3,NA,7,6,3,NA,NA,NA,NA,NA,NA,NA,3,2,1,2,4,4,4,1,1,1,1,1,1,1,1,4,4,4,4,4,4,4,5,5,7,2,2,1,4,4,4,1,1,2,1,3,1,3,4,4,1,2,2,1,1,1,4,2,1,1,7,5,4,3,7,7,7,7,2,7,6,8,2,3,3,3,4,5,5,2,1,3,1,1,5,1,1,1,5,1,5,5,1,1,1,2,1,4,4,2,1,1,5,3,1,3,4,2,3,2,5
318,2,2,NA,18,2,2,NA,1,NA,1,NA,NA,NA,NA,NA,NA,3,NA,6,4,3,NA,NA,NA,NA,NA,NA,NA,3,2,4,2,4,4,4,1,1,1,3,1,1,3,1,3,4,4,4,4,4,4,5,4,6,3,6,4,2,2,2,2,2,3,4,3,5,2,2,3,5,3,2,5,4,4,5,5,4,2,4,4,7,1,6,6,6,6,2,2,2,8,2,3,1,1,4,4,3,4,2,4,4,5,5,4,2,2,4,3,4,5,2,2,2,3,2,2,3,3,3,2,4,2,2,3,4,4,4,5,4
319,2,1,NA,18,2,2,NA,1,NA,1,NA,NA,NA,NA,NA,NA,2,NA,6,5,4,NA,NA,NA,NA,NA,NA,NA,4,3,6,2,5,4,5,1,1,1,1,1,1,3,1,4,6,6,4,3,3,3,4,4,6,3,6,2,3,4,4,2,3,2,2,1,1,2,3,3,1,1,3,3,1,2,4,1,1,1,5,1,NA,NA,5,5,5,7,3,1,1,7,2,3,4,3,4,4,5,5,4,5,4,2,5,2,1,1,4,3,4,5,2,2,1,5,1,2,1,4,2,3,4,2,4,2,4,4,5,4,6
320,2,2,NA,25,2,2,NA,1,NA,1,NA,NA,NA,NA,NA,NA,3,NA,6,5,5,NA,NA,NA,NA,NA,NA,NA,5,2,2,2,3,2,4,1,2,1,1,1,2,3,1,3,5,5,4,4,4,4,4,4,4,5,4,4,3,4,4,4,3,4,2,2,2,3,3,3,2,4,3,5,3,4,4,4,1,2,5,3,5,1,7,7,7,7,5,3,4,5,2,3,4,4,4,4,5,2,2,3,5,2,5,3,1,1,4,2,4,4,2,2,2,4,1,1,2,4,1,3,4,2,4,4,4,1,2,2,4
321,1,2,NA,21,2,2,NA,2,NA,1,NA,NA,NA,NA,NA,NA,3,NA,5,4,3,NA,NA,NA,NA,NA,NA,NA,3,2,2,2,2,4,3,1,1,1,1,1,1,3,2,3,5,4,3,3,4,3,4,4,5,2,6,4,2,3,4,3,2,2,2,2,2,1,2,3,1,2,2,4,4,4,3,4,4,3,4,4,7,2,7,7,7,7,2,6,6,9,2,3,4,3,4,7,4,5,4,4,2,4,5,1,1,1,4,1,5,5,1,1,1,4,1,5,4,3,1,2,5,2,3,3,4,2,1,1,1
322,1,2,NA,23,2,2,NA,2,NA,1,NA,NA,NA,NA,NA,NA,2,NA,4,2,3,NA,NA,NA,NA,NA,NA,NA,3,1,3,2,2,2,2,1,1,1,1,1,1,3,1,4,5,5,3,3,4,3,4,4,7,3,4,1,3,4,4,3,3,3,2,4,2,3,1,1,1,3,3,4,4,4,4,3,3,3,4,4,6,3,7,7,7,7,2,5,5,7,1,3,4,4,4,7,4,5,1,1,1,2,2,1,4,1,4,2,4,3,2,2,2,4,1,4,2,2,1,3,5,3,3,3,4,3,1,1,4
323,1,2,NA,20,2,2,NA,2,NA,1,NA,NA,NA,NA,NA,NA,2,NA,5,5,2,NA,NA,NA,NA,NA,NA,NA,3,1,1,2,2,2,2,2,1,1,2,2,1,1,1,1,3,3,3,4,4,4,3,3,3,3,5,2,2,3,3,2,2,2,2,4,2,4,1,1,1,2,2,2,5,2,4,5,5,4,2,3,5,1,7,7,6,7,4,5,5,9,3,3,4,4,4,4,5,4,4,2,2,2,5,1,3,1,4,2,5,5,1,1,2,5,1,4,3,3,1,3,4,2,4,2,4,2,3,4,3
324,1,2,NA,21,1,2,NA,2,NA,1,NA,NA,NA,NA,NA,NA,2,NA,6,3,4,NA,NA,NA,NA,NA,NA,NA,4,5,3,2,4,3,4,1,1,1,3,1,1,2,2,5,4,4,4,2,6,4,5,5,7,3,6,6,4,4,4,4,3,3,2,4,1,4,2,4,1,2,1,5,5,5,3,5,2,1,4,3,7,3,7,7,7,7,4,5,5,6,2,3,2,2,3,3,5,3,1,2,1,1,5,1,4,1,5,1,4,4,1,1,1,5,2,2,3,3,2,3,4,2,2,4,5,4,3,1,2
325,2,2,NA,21,2,2,NA,3,NA,1,NA,NA,NA,NA,NA,NA,3,NA,5,3,5,NA,NA,NA,NA,NA,NA,NA,5,5,10,2,3,4,4,1,2,1,2,1,1,1,1,4,5,5,3,3,4,4,5,4,4,5,6,1,4,4,4,3,4,4,2,3,2,4,3,1,2,3,2,3,3,3,3,3,3,3,4,4,5,3,7,7,7,7,5,1,5,3,1,3,1,1,2,5,3,1,1,2,4,2,4,1,1,1,4,1,4,4,1,1,1,4,2,2,2,4,1,4,4,1,3,1,3,4,2,2,2
326,2,2,NA,21,2,2,NA,3,NA,1,NA,NA,NA,NA,NA,NA,3,NA,6,3,5,NA,NA,NA,NA,NA,NA,NA,5,4,2,2,4,4,3,1,1,1,1,1,1,4,3,4,6,6,3,4,5,3,6,6,7,4,6,2,2,3,4,1,1,3,1,1,1,4,1,2,1,1,1,1,1,2,1,2,2,1,4,5,6,2,7,7,7,7,6,7,7,6,1,1,1,1,4,5,4,1,1,5,1,1,1,1,1,1,5,1,5,5,1,1,1,5,1,2,1,5,1,4,5,1,4,4,5,3,5,5,5
327,2,2,NA,20,2,2,NA,2,NA,1,NA,NA,NA,NA,NA,NA,3,NA,4,4,5,NA,NA,NA,NA,NA,NA,NA,5,8,7,2,2,4,4,1,2,1,2,1,1,4,1,4,5,5,5,3,4,4,5,4,5,5,6,6,2,4,4,2,2,2,2,2,2,2,2,2,2,2,2,2,2,2,5,4,4,2,4,1,NA,NA,6,6,6,6,4,5,3,6,2,2,4,4,5,5,5,5,5,2,3,3,6,2,2,3,5,1,5,5,1,1,1,5,2,2,2,4,2,4,4,2,3,2,5,4,5,5,3
328,2,2,NA,20,2,2,NA,3,NA,1,NA,NA,NA,NA,NA,NA,2,NA,6,5,5,NA,NA,NA,NA,NA,NA,NA,8,3,5,2,4,4,4,3,3,2,2,1,1,4,1,4,7,6,4,3,5,6,6,6,6,5,6,6,4,3,4,2,4,4,2,3,1,2,4,2,1,4,4,5,2,5,5,2,2,2,5,3,6,1,7,7,7,7,2,3,7,6,2,2,5,2,4,7,6,2,2,2,6,3,6,5,5,1,5,2,5,5,1,2,1,5,2,4,2,4,2,4,5,2,4,1,5,4,6,6,5
329,2,2,NA,20,2,2,NA,2,NA,1,NA,NA,NA,NA,NA,NA,2,NA,4,2,8,NA,NA,NA,NA,NA,NA,NA,5,8,5,2,2,3,1,1,1,1,1,1,1,1,1,3,5,5,4,4,4,4,6,5,7,6,6,4,1,4,4,3,1,1,1,1,1,1,1,1,1,1,1,4,3,3,2,2,1,2,3,5,6,3,7,7,7,7,6,7,6,5,2,3,1,1,3,4,2,1,1,2,1,1,5,2,1,1,5,1,5,5,1,2,5,5,1,1,1,4,1,5,5,2,4,2,5,4,4,2,4
330,2,2,NA,20,2,2,NA,1,NA,1,NA,NA,NA,NA,NA,NA,3,NA,4,4,4,NA,NA,NA,NA,NA,NA,NA,4,4,5,2,3,3,3,1,1,1,2,1,1,3,1,3,5,5,4,4,4,4,5,3,4,2,1,1,1,3,4,1,1,4,1,1,1,1,1,1,1,1,1,3,3,3,4,3,3,3,1,5,7,2,7,7,7,7,5,7,7,8,2,3,1,1,1,3,6,5,5,1,1,1,6,1,6,1,4,1,4,4,1,1,1,4,1,4,4,4,1,3,4,1,4,1,4,3,2,2,2
331,2,2,NA,18,2,2,NA,1,NA,1,NA,NA,NA,NA,NA,NA,3,NA,5,3,5,NA,NA,NA,NA,NA,NA,NA,5,3,2,2,4,4,5,1,1,1,1,1,1,4,1,5,6,5,4,4,4,4,4,4,7,6,7,5,4,4,3,3,3,4,1,1,1,4,3,3,2,3,3,2,1,4,1,1,1,1,1,3,7,2,7,7,7,7,4,2,2,8,1,3,3,3,4,4,6,3,1,1,5,1,6,1,1,1,5,1,5,5,1,2,1,5,1,2,4,4,1,1,5,1,4,2,5,4,2,1,6
332,2,2,NA,19,2,2,NA,1,NA,6,België,2000,1,NA,1,NA,3,NA,5,4,4,NA,NA,NA,NA,NA,NA,NA,3,1,4,2,5,4,5,4,4,4,3,3,2,5,2,4,6,5,4,3,4,3,6,6,7,6,6,5,4,5,4,4,4,3,2,2,3,3,2,2,2,2,2,4,2,4,4,4,3,3,5,4,7,2,6,6,6,6,3,6,6,8,2,1,1,1,2,3,4,3,2,3,5,3,6,2,1,1,2,3,2,4,4,3,4,4,2,5,4,2,2,1,5,4,1,5,4,2,2,5,4
333,2,2,NA,19,1,2,NA,1,NA,1,NA,NA,NA,NA,NA,NA,3,NA,3,2,3,NA,NA,NA,NA,NA,NA,NA,4,3,6,2,2,2,2,1,1,1,1,1,1,2,3,4,5,3,2,3,2,4,5,4,5,5,3,1,4,5,5,4,4,4,2,3,1,2,1,2,2,2,3,5,4,5,4,3,2,2,4,3,5,1,7,7,6,7,5,5,6,4,1,3,4,4,4,4,4,4,4,2,6,2,5,2,1,1,5,4,3,5,1,1,1,2,1,2,1,5,1,4,5,2,2,3,4,4,3,5,4
334,2,1,NA,19,2,2,NA,1,NA,1,NA,NA,NA,NA,NA,NA,3,NA,4,2,6,NA,NA,NA,NA,NA,NA,NA,6,4,2,2,2,2,3,1,2,2,1,1,1,1,1,3,6,6,4,5,4,5,6,6,7,6,6,4,3,4,4,4,3,2,1,2,1,2,2,2,1,3,3,2,2,2,2,2,2,2,4,2,3,3,7,7,7,7,3,6,7,10,3,3,4,4,4,4,5,2,2,2,5,2,5,1,1,1,5,1,5,5,1,1,1,5,1,2,4,4,1,3,5,1,4,1,5,3,2,1,4
335,2,2,NA,19,2,2,NA,1,NA,1,NA,NA,NA,NA,NA,NA,3,NA,5,4,3,NA,NA,NA,NA,NA,NA,NA,3,3,5,2,1,2,2,1,2,1,1,1,1,3,1,4,4,4,4,4,4,4,4,4,4,1,4,1,1,1,1,1,1,1,1,1,1,1,1,1,1,1,1,1,1,1,1,1,1,1,1,1,NA,NA,4,4,4,4,4,4,4,9,4,3,4,4,4,4,4,1,1,1,1,1,1,2,1,1,4,2,4,3,2,1,1,4,4,3,4,4,4,2,2,1,3,2,2,3,3,3,3
336,2,2,NA,19,2,2,NA,1,NA,1,NA,NA,NA,NA,NA,NA,3,NA,5,4,1,1,NA,NA,NA,NA,NA,NA,NA,NA,0,NA,NA,NA,NA,NA,NA,NA,NA,NA,NA,NA,NA,NA,5,4,1,1,1,1,1,1,1,2,1,1,4,4,4,4,4,4,3,2,2,3,2,2,2,2,2,2,2,2,2,3,4,2,2,3,7,2,7,7,6,6,4,6,6,8,2,3,3,3,3,3,5,2,2,2,5,4,6,5,5,2,4,2,4,5,3,1,2,5,2,3,3,4,2,3,4,2,3,3,3,3,3,4,5
337,2,2,NA,18,2,2,NA,1,NA,1,NA,NA,NA,NA,NA,NA,3,NA,6,6,8,NA,NA,NA,NA,NA,NA,NA,8,3,3,2,4,4,4,1,1,1,1,1,1,2,1,4,6,6,5,5,5,4,6,6,6,4,7,6,3,4,4,4,3,3,2,3,3,4,3,3,1,3,3,2,2,3,3,4,2,2,4,5,7,1,7,7,7,7,4,6,6,6,1,3,4,4,4,4,4,2,2,1,1,1,2,1,1,1,5,2,4,5,1,2,1,4,2,2,2,4,1,2,5,1,4,1,4,3,5,4,4
338,2,2,NA,20,2,2,NA,1,NA,1,NA,NA,NA,NA,NA,NA,3,NA,5,4,4,NA,NA,NA,NA,NA,NA,NA,4,3,6,2,4,4,5,2,2,1,2,1,1,1,5,5,6,2,2,3,4,4,6,5,7,5,6,1,4,5,5,4,2,5,1,1,1,4,4,2,1,2,3,4,1,3,2,2,1,1,4,5,7,1,7,7,7,7,3,7,7,9,2,3,3,1,6,7,7,2,1,3,5,6,5,4,2,4,4,3,4,3,2,1,1,4,4,2,5,4,1,3,5,1,3,2,5,4,4,2,4
339,2,2,NA,18,2,2,NA,1,NA,1,NA,NA,NA,NA,NA,NA,2,NA,6,6,8,NA,NA,NA,NA,NA,NA,NA,3,2,6,2,4,4,4,2,4,1,2,1,1,4,3,4,5,5,3,3,5,4,6,6,7,5,6,2,4,5,5,4,4,2,2,4,2,4,2,3,1,3,2,4,3,4,5,3,3,2,5,6,7,1,7,7,7,7,3,5,7,10,2,3,2,2,5,7,5,7,7,3,2,5,5,2,2,2,4,2,4,5,2,3,2,5,1,3,2,5,1,2,4,1,4,2,4,4,5,5,6
340,2,1,NA,18,2,2,NA,1,NA,1,NA,NA,NA,NA,NA,NA,3,NA,5,6,3,NA,NA,NA,NA,NA,NA,NA,3,3,5,2,3,3,4,1,1,1,1,2,1,3,1,5,5,2,4,5,3,4,5,4,5,5,6,6,3,4,4,3,2,4,2,3,1,1,2,1,1,1,2,2,2,2,2,3,2,2,4,4,7,2,7,7,7,7,7,5,5,8,3,3,2,2,3,5,4,4,1,2,3,2,5,2,4,1,4,1,4,4,2,1,2,3,2,1,1,3,1,5,4,4,4,3,3,3,5,5,5
341,2,2,NA,20,2,2,NA,1,NA,1,NA,NA,NA,NA,NA,NA,3,NA,7,7,4,NA,NA,NA,NA,NA,NA,NA,8,4,6,2,5,4,5,1,1,2,1,1,1,4,1,5,6,5,4,4,4,4,5,4,7,5,6,4,2,4,5,3,2,4,1,2,1,4,3,3,1,3,3,5,1,4,5,2,1,1,5,5,4,1,7,6,6,7,5,6,6,7,1,2,3,3,4,7,5,1,1,2,5,3,5,1,1,1,5,3,4,4,1,1,1,4,1,3,2,3,2,3,4,1,3,2,4,4,5,2,5
342,2,2,NA,19,2,2,NA,1,NA,1,NA,NA,NA,NA,NA,NA,3,NA,6,6,4,NA,NA,NA,NA,NA,NA,NA,4,4,5,2,3,4,4,1,2,1,1,1,1,2,1,3,6,5,3,6,4,4,6,4,7,4,6,6,4,4,4,3,1,4,1,4,2,4,3,3,1,2,2,2,3,2,3,4,2,1,4,5,7,3,7,7,7,7,4,5,5,8,2,1,2,2,4,4,5,4,1,2,5,2,5,1,4,1,4,3,3,5,4,1,1,4,2,2,3,3,1,2,4,2,3,2,4,3,5,5,4
343,1,2,NA,22,2,4,NA,1,NA,1,NA,NA,NA,NA,NA,NA,2,NA,7,7,4,NA,NA,NA,NA,NA,NA,NA,4,2,2,2,4,4,4,1,1,1,2,2,2,2,1,4,5,5,2,2,4,4,5,5,6,3,6,3,4,4,4,4,4,4,4,4,3,4,2,2,2,2,2,3,3,3,3,3,4,3,3,3,6,3,7,7,6,6,4,5,7,5,1,3,3,3,3,3,3,5,2,3,3,5,6,2,1,2,4,2,4,4,2,2,2,4,2,2,2,4,1,2,4,2,4,4,4,4,3,3,3
344,1,2,NA,23,2,3,Universiteit - Premaster,1,NA,1,NA,NA,NA,NA,NA,NA,2,NA,7,6,2,NA,NA,NA,NA,NA,NA,NA,3,3,3,2,1,2,2,2,2,1,2,2,2,2,1,4,3,2,2,2,2,2,2,2,4,4,1,1,4,4,4,4,3,3,4,4,1,4,3,3,1,2,3,5,2,5,5,4,2,2,3,5,6,1,7,7,7,7,6,7,7,4,1,1,1,1,4,4,5,1,1,5,7,5,7,5,6,5,4,2,3,4,2,3,4,4,1,4,4,5,1,2,5,4,2,4,5,2,2,2,4
345,1,2,NA,23,2,2,NA,3,NA,1,NA,NA,NA,NA,NA,NA,2,NA,7,7,8,NA,NA,NA,NA,NA,NA,NA,5,4,9,2,3,5,4,1,1,1,1,1,1,1,1,5,7,7,3,3,5,5,6,6,6,5,4,4,4,4,5,4,3,4,2,1,2,4,3,1,2,1,3,3,3,3,3,3,3,3,4,7,6,3,6,6,7,7,5,5,6,6,1,3,3,3,4,4,4,4,4,3,5,2,6,2,2,1,5,1,4,5,1,1,1,4,1,4,3,4,1,3,5,2,4,4,5,4,2,2,2
346,1,2,NA,23,2,2,NA,3,NA,1,NA,NA,NA,NA,NA,NA,2,NA,7,7,4,NA,NA,NA,NA,NA,NA,NA,4,4,10,2,4,2,2,2,2,1,2,2,2,5,2,5,5,5,2,2,3,4,5,5,6,6,2,1,4,4,4,4,4,4,3,2,2,4,4,2,1,3,3,2,2,2,2,2,2,2,5,5,7,2,6,6,7,7,6,6,6,5,1,2,4,4,4,4,6,4,2,5,6,6,6,5,6,3,4,2,2,4,2,2,2,4,1,2,1,4,1,3,5,2,5,2,5,4,2,2,4
347,1,2,NA,22,2,1,NA,4,NA,1,NA,NA,NA,NA,NA,NA,2,NA,7,6,5,NA,NA,NA,NA,NA,NA,NA,5,4,5,2,2,5,3,3,3,1,1,1,1,4,1,3,7,7,3,3,5,5,6,6,6,5,7,6,3,3,4,2,4,2,2,2,2,2,1,2,1,2,4,2,2,2,2,2,2,2,1,4,6,2,7,7,7,7,5,6,6,7,1,3,4,4,4,4,4,5,3,1,1,1,1,1,2,1,5,1,5,5,1,1,1,5,1,2,2,4,1,2,5,2,3,3,4,3,1,1,1
348,1,2,NA,23,2,4,NA,1,NA,1,NA,NA,NA,NA,NA,NA,2,NA,7,7,5,NA,NA,NA,NA,NA,NA,NA,6,4,5,2,2,4,5,2,2,2,1,1,1,5,3,5,7,7,4,5,6,6,7,7,7,5,7,4,4,4,4,3,2,3,2,2,2,4,3,3,2,4,4,4,2,4,5,2,3,2,5,4,6,2,7,7,7,7,3,6,6,6,1,3,2,2,4,4,6,2,2,3,4,4,5,3,3,3,5,2,4,5,2,1,1,4,2,3,4,4,2,2,4,2,3,2,4,4,4,3,4
349,2,2,NA,18,2,2,NA,1,NA,1,NA,NA,NA,NA,NA,NA,3,NA,6,5,4,NA,NA,NA,NA,NA,NA,NA,8,3,4,2,4,4,5,1,1,1,1,1,1,2,1,5,6,6,5,4,4,4,6,4,7,4,7,6,4,4,4,3,1,2,1,3,1,4,2,2,1,3,3,4,2,2,4,2,2,2,4,6,7,2,7,7,7,7,5,7,7,8,2,1,5,4,4,4,4,6,6,3,2,2,6,2,5,2,5,1,5,5,1,2,1,4,1,2,2,3,1,3,4,1,4,2,5,3,5,6,5
350,2,1,NA,18,2,2,NA,1,NA,1,NA,NA,NA,NA,NA,NA,3,NA,6,5,8,NA,NA,NA,NA,NA,NA,NA,8,3,4,2,2,3,3,1,1,1,1,1,1,2,1,4,7,6,2,4,3,3,4,6,6,4,5,2,5,5,5,4,4,5,1,4,1,5,3,1,1,2,3,3,2,3,3,1,2,2,4,5,7,2,7,7,7,7,4,7,7,8,2,2,4,4,4,4,7,6,6,2,2,1,5,5,4,1,5,2,4,5,2,2,1,5,2,4,3,4,2,2,4,1,4,4,4,4,5,3,4
351,2,2,NA,19,2,2,NA,1,NA,1,NA,NA,NA,NA,NA,NA,3,NA,5,5,3,NA,NA,NA,NA,NA,NA,NA,3,2,5,2,2,2,2,1,1,1,1,1,1,2,1,4,4,4,3,4,4,4,6,4,6,2,2,1,3,4,4,1,3,1,1,1,1,3,1,1,1,1,2,2,3,2,5,3,3,2,2,5,7,2,5,6,6,7,4,6,4,5,1,3,4,3,4,5,5,2,2,1,2,2,5,2,4,1,5,1,5,5,1,1,1,5,1,1,4,4,1,4,4,4,4,3,3,2,2,3,2
352,2,2,NA,20,2,2,NA,1,NA,1,NA,NA,NA,NA,NA,NA,3,NA,4,3,4,NA,NA,NA,NA,NA,NA,NA,4,3,4,2,1,3,1,1,2,2,1,1,1,2,1,3,7,7,6,6,7,7,7,7,7,2,3,3,3,1,5,3,1,2,1,3,1,4,2,1,2,4,4,4,2,4,5,3,2,2,4,5,3,2,7,7,7,7,5,6,6,8,1,2,4,4,5,7,6,5,4,2,2,2,2,2,3,2,5,2,1,3,1,1,2,5,1,4,4,4,2,3,5,2,3,3,5,3,2,2,2
129,1,2,NA,19,2,1,NA,2,NA,1,NA,NA,NA,NA,NA,NA,7,Dispuut,7,7,8,NA,NA,NA,NA,NA,NA,NA,8,4,8,2,4,4,4,1,1,1,1,1,1,3,1,4,5,5,4,4,4,4,5,5,6,5,5,5,3,4,4,4,4,1,2,3,1,4,3,2,1,2,2,4,2,4,4,3,2,2,3,5,7,1,7,7,6,7,4,6,6,5,3,3,3,3,6,6,5,5,4,3,4,2,5,4,3,4,3,3,3,4,4,2,3,4,1,3,3,4,2,2,5,2,3,3,5,4,3,3,3
130,1,2,NA,20,2,3,NA,1,NA,1,NA,NA,NA,NA,NA,NA,2,NA,7,7,5,NA,NA,NA,NA,NA,NA,NA,5,8,7,2,1,1,1,1,1,1,1,1,1,1,1,5,6,6,3,4,4,3,6,5,7,7,7,5,3,4,4,4,3,3,1,1,1,1,4,3,1,1,4,1,1,1,1,1,1,1,1,5,7,3,7,7,7,7,4,7,7,6,1,3,1,1,1,1,7,1,1,1,1,2,2,2,1,1,5,1,5,5,1,1,1,5,1,1,1,5,1,2,4,1,4,1,4,5,5,4,6
131,1,2,NA,22,2,2,NA,3,NA,1,NA,NA,NA,NA,NA,NA,2,NA,5,5,8,NA,NA,NA,NA,NA,NA,NA,5,4,7,2,5,5,5,2,2,2,5,4,4,5,2,5,6,6,4,4,4,4,5,5,5,5,6,4,4,5,5,4,3,3,2,3,2,2,3,2,1,2,2,3,3,3,3,3,3,3,4,4,7,3,6,6,6,6,5,5,5,5,2,3,3,4,4,4,5,3,3,6,5,5,5,2,5,4,3,3,2,3,4,3,4,4,2,5,4,2,2,2,4,3,2,4,4,2,6,5,3
132,1,2,NA,22,2,4,NA,1,NA,1,NA,NA,NA,NA,NA,NA,7,Dispuut,6,6,5,NA,NA,NA,NA,NA,NA,NA,5,5,10,2,4,5,5,1,2,1,2,2,2,4,1,5,7,6,4,4,5,5,6,5,7,5,7,7,5,4,5,4,4,4,2,1,1,5,2,2,1,2,2,4,3,2,3,4,4,2,4,3,7,2,7,7,7,7,4,6,5,6,2,3,4,4,6,6,5,5,4,1,3,2,3,2,1,2,5,2,5,5,1,1,1,5,1,1,2,4,1,5,4,1,4,1,4,4,3,1,1
466,1,2,NA,22,2,2,NA,4,NA,1,NA,NA,NA,NA,NA,NA,7,dispuut,6,4,3,NA,NA,NA,NA,NA,NA,NA,4,1,2,2,2,2,2,1,1,1,2,1,2,1,1,2,4,4,4,7,5,5,4,4,6,3,6,4,3,4,4,2,2,2,2,5,2,2,2,2,2,3,3,4,4,3,4,3,4,3,4,4,7,2,6,6,6,6,5,6,6,9,2,3,4,4,4,5,5,4,4,2,3,2,3,3,4,2,4,4,2,3,3,3,2,3,1,3,4,2,1,2,4,2,2,3,4,3,2,4,4
134,1,1,NA,22,2,1,NA,4,NA,1,NA,NA,NA,NA,NA,NA,2,NA,6,6,8,NA,NA,NA,NA,NA,NA,NA,8,8,6,2,5,5,4,4,3,3,4,5,1,2,3,3,6,4,4,4,4,4,5,4,4,4,6,2,4,4,4,4,2,4,3,2,2,3,2,1,1,2,2,4,4,2,4,4,3,2,3,3,6,1,7,7,7,7,6,5,5,5,1,3,1,1,2,3,5,3,2,2,5,1,6,2,2,3,2,4,2,3,2,3,4,2,1,5,4,3,1,1,5,2,2,4,4,1,4,5,3
135,1,2,NA,21,2,2,NA,7,Schakeljaar: extra vakken,1,NA,NA,NA,NA,NA,NA,2,NA,7,7,8,NA,NA,NA,NA,NA,NA,NA,8,8,5,2,3,4,5,1,1,1,2,2,1,5,4,5,7,7,3,2,4,4,5,5,7,6,7,4,4,4,4,4,3,4,2,3,1,4,4,3,1,2,2,4,4,4,4,3,1,2,4,7,7,1,7,7,5,6,4,7,7,10,1,3,1,3,5,6,4,5,1,5,5,5,5,2,5,2,4,3,3,4,3,3,2,4,1,2,4,4,1,4,4,3,3,5,5,2,3,3,3
136,1,2,NA,21,2,2,NA,1,NA,1,NA,NA,NA,NA,NA,NA,2,NA,7,6,8,NA,NA,NA,NA,NA,NA,NA,5,8,5,2,3,4,4,1,1,1,1,1,1,4,4,4,6,6,6,4,5,5,5,5,5,6,6,2,2,4,4,2,1,3,1,1,2,4,5,4,1,3,2,5,4,5,3,2,1,2,5,3,7,3,7,7,7,7,6,6,6,5,2,3,3,1,4,4,5,2,2,2,5,5,6,6,4,1,4,1,5,5,1,1,1,4,1,3,4,4,2,4,5,1,3,2,4,4,2,2,3
137,1,2,NA,21,2,2,NA,4,NA,1,NA,NA,NA,NA,NA,NA,2,NA,7,5,5,NA,NA,NA,NA,NA,NA,NA,8,8,8,2,4,4,5,2,4,2,2,3,1,5,1,5,6,6,3,3,4,4,6,6,7,7,7,4,4,5,5,5,4,5,1,1,1,3,3,3,1,1,1,4,3,4,4,1,5,1,5,5,5,2,7,7,7,7,5,7,7,7,1,3,3,2,3,6,5,3,1,5,4,2,4,2,2,5,4,2,3,5,2,2,3,5,2,4,4,4,2,3,5,3,4,3,5,4,5,4,4
138,1,2,NA,20,2,1,NA,1,NA,1,NA,NA,NA,NA,NA,NA,7,dispuut,7,6,5,NA,NA,NA,NA,NA,NA,NA,5,5,10,2,4,4,3,2,1,1,1,2,2,3,2,5,6,6,3,3,4,4,3,4,5,6,5,3,4,4,4,4,2,2,4,2,2,2,4,4,2,2,2,5,3,3,2,5,3,3,6,4,4,1,7,7,7,7,5,5,5,6,1,3,2,2,4,4,5,3,3,2,2,2,6,4,2,2,4,2,4,4,2,2,2,4,2,4,4,4,2,2,4,1,3,2,4,4,6,6,6
139,1,1,NA,22,2,1,NA,4,NA,1,NA,NA,NA,NA,NA,NA,2,NA,5,5,8,NA,NA,NA,NA,NA,NA,NA,5,8,6,2,2,2,3,1,2,1,4,2,2,4,1,4,4,4,2,3,3,3,4,4,5,3,6,4,3,4,4,4,3,4,3,4,3,4,2,2,3,3,2,4,3,3,3,4,3,3,6,1,NA,NA,7,7,7,7,5,1,7,5,2,2,4,4,4,4,5,6,3,6,6,6,5,5,6,5,4,2,4,4,2,2,2,4,1,3,4,4,2,2,4,2,4,3,4,4,5,5,5
353,1,1,NA,19,2,1,NA,1,NA,6,belgie,2016,6,belgie,6,belgie,3,NA,7,6,4,NA,NA,NA,NA,NA,NA,NA,8,3,3,2,2,3,2,1,2,1,1,1,1,3,2,3,5,5,4,4,4,4,4,4,4,5,5,2,4,4,4,4,3,3,2,2,2,4,3,4,3,3,3,4,4,3,4,4,3,3,4,7,7,2,7,7,7,7,3,3,3,5,2,2,3,3,4,4,6,2,2,2,5,4,4,3,3,3,4,3,4,4,2,2,3,4,1,3,3,3,1,2,4,3,3,3,4,2,3,2,2
354,1,2,NA,20,2,1,NA,1,NA,1,NA,NA,NA,NA,NA,NA,3,NA,6,7,5,NA,NA,NA,NA,NA,NA,NA,5,3,4,2,3,5,3,5,5,5,2,2,1,5,1,5,7,7,3,3,4,5,2,2,2,3,6,5,5,5,5,5,5,4,4,3,1,4,4,4,1,4,4,1,5,4,4,6,2,2,3,9,5,3,7,7,5,5,7,6,6,11,4,1,5,5,6,6,6,6,6,1,1,2,3,1,1,5,4,2,3,4,1,1,3,4,1,4,5,5,1,1,5,2,5,1,5,4,1,5,2
355,1,1,NA,23,1,1,NA,1,NA,1,NA,NA,NA,NA,NA,NA,3,NA,6,5,5,NA,NA,NA,NA,NA,NA,NA,5,4,2,3,1,2,1,2,1,2,1,1,1,3,1,4,4,5,4,5,4,4,4,4,4,4,7,4,4,5,4,4,4,4,2,2,2,2,2,2,3,3,3,1,5,1,4,1,1,1,4,7,7,2,7,7,7,7,3,7,6,6,1,1,3,3,4,4,5,2,2,1,6,2,2,1,1,1,4,4,1,4,1,1,4,4,1,2,3,3,1,3,5,2,3,3,5,3,5,1,7
356,1,2,NA,19,1,1,NA,1,NA,1,NA,NA,NA,NA,NA,NA,3,NA,7,7,4,NA,NA,NA,NA,NA,NA,NA,8,3,2,2,1,2,2,1,1,1,1,1,1,2,1,4,5,5,4,4,5,5,6,4,7,5,5,2,4,4,4,4,2,2,1,4,1,4,2,2,1,3,3,2,1,2,2,2,2,2,2,7,5,2,6,6,6,6,5,4,4,6,2,3,4,4,4,6,5,1,1,2,2,1,4,2,3,3,5,1,5,4,1,1,1,4,1,2,3,4,1,2,5,4,4,4,4,3,1,1,1
470,1,1,NA,24 jaar,2,2,NA,1,NA,6,Denemark,2017,6,Denemark,6,Denemark,3,NA,5,5,8,NA,NA,NA,NA,NA,NA,NA,5,8,3,2,3,4,4,1,1,3,1,4,1,5,3,5,7,4,4,1,4,4,4,5,5,5,7,5,5,3,5,3,5,5,2,4,1,4,1,3,1,5,3,4,4,3,4,4,3,3,2,10,7,2,7,7,7,7,7,7,7,8,1,1,4,4,4,4,5,4,4,1,1,3,2,1,1,1,5,3,3,4,3,2,3,5,1,1,1,5,3,3,4,1,5,1,5,4,2,2,2
453,1,2,NA,20,1,1,NA,1,NA,1,NA,NA,NA,NA,NA,NA,3,NA,6,6,3,NA,NA,NA,NA,NA,NA,NA,4,2,4,2,1,1,1,1,1,1,1,1,1,1,1,1,4,4,4,4,4,4,6,4,5,5,5,2,1,2,3,1,1,2,2,1,1,1,1,1,1,1,1,1,3,1,1,1,1,1,1,7,7,2,6,6,7,7,6,4,3,5,2,3,4,4,4,6,4,1,1,3,1,1,1,1,2,2,4,2,3,4,1,1,2,4,2,2,2,2,2,1,5,2,3,3,4,3,1,3,1
359,1,3,"geen smartphone, wel laptop",21,2,1,NA,1,NA,6,Belgie,2017,6,Belgie,6,Belgie,3,NA,7,7,5,NA,NA,NA,NA,NA,NA,NA,8,5,3,2,2,1,1,2,2,1,2,1,1,4,3,4,4,4,4,4,4,4,4,4,7,4,5,1,2,4,4,4,2,2,3,2,2,3,1,1,2,2,2,2,3,2,2,2,2,2,4,7,7,2,7,7,6,7,4,6,6,8,3,3,2,3,4,4,4,2,3,2,5,3,2,2,4,2,5,2,3,4,1,1,2,5,2,3,3,3,3,1,3,2,2,1,4,5,2,2,1
360,1,2,NA,19,1,3,MBO,2,NA,1,NA,NA,NA,NA,NA,NA,2,NA,6,7,8,NA,NA,NA,NA,NA,NA,NA,4,3,3,2,1,1,2,1,1,1,1,1,1,1,1,1,4,4,4,3,4,4,4,4,4,4,5,5,1,1,4,1,1,1,1,1,1,1,1,1,1,3,2,2,3,2,2,2,2,2,1,7,7,2,7,7,7,7,6,6,6,5,2,3,4,4,3,3,5,1,1,1,1,1,3,1,1,2,5,2,5,4,3,3,1,3,1,2,1,3,1,2,4,2,4,2,4,2,4,3,5
431,1,2,NA,19,1,3,MBO,2,NA,1,NA,NA,NA,NA,NA,NA,2,NA,5,5,8,NA,NA,NA,NA,NA,NA,NA,4,3,4,2,5,3,5,1,1,1,4,4,5,1,1,4,4,4,4,4,4,4,4,4,4,3,5,5,5,5,5,4,5,4,1,2,2,3,1,1,2,2,1,1,1,1,4,1,1,2,6,6,7,2,6,6,6,7,7,6,6,6,2,2,3,3,3,5,4,2,1,7,4,2,6,2,6,6,4,4,4,5,4,2,3,3,2,2,1,3,1,5,5,5,5,3,4,3,1,1,6
432,2,2,NA,19,2,2,NA,2,NA,1,NA,NA,NA,NA,NA,NA,2,NA,6,5,3,NA,NA,NA,NA,NA,NA,NA,2,3,3,2,4,5,4,2,3,1,3,1,1,4,1,4,5,5,5,5,5,5,7,7,7,3,4,2,3,5,5,3,2,2,2,2,2,3,5,4,1,3,3,2,1,2,4,1,1,3,7,6,7,2,7,7,7,7,5,7,7,3,1,2,3,4,7,7,4,2,1,5,5,1,5,4,2,2,2,4,4,4,2,2,3,2,4,3,5,2,4,2,3,3,2,5,2,1,2,4,5
443,1,1,NA,17,2,3,Mbo,2,NA,1,NA,NA,NA,NA,NA,NA,2,NA,7,6,2,NA,NA,NA,NA,NA,NA,NA,1,1,1,2,1,1,1,1,1,1,1,1,1,1,1,1,4,4,3,4,4,4,5,5,5,2,1,1,1,3,5,4,1,1,3,3,1,3,1,1,1,3,3,4,3,3,4,4,3,3,5,6,7,2,6,6,6,6,6,4,3,12,2,2,3,3,5,5,5,2,2,5,2,4,2,2,1,2,5,1,5,5,1,1,1,4,4,1,3,4,1,1,4,2,4,3,4,4,5,4,6
364,1,1,NA,18,1,3,MBO,1,NA,1,NA,NA,NA,NA,NA,NA,2,NA,6,6,4,NA,NA,NA,NA,NA,NA,NA,5,3,4,2,4,4,4,1,1,2,3,1,2,1,2,4,6,6,4,2,4,3,4,4,7,2,6,4,4,4,4,4,4,4,3,3,2,4,2,2,2,3,3,2,4,5,2,2,2,2,4,5,7,2,7,7,4,7,4,6,6,7,1,3,4,3,4,7,6,5,2,2,6,4,6,5,5,2,5,4,5,5,4,2,3,4,4,1,1,1,4,5,4,4,5,4,4,3,1,2,4
365,1,1,NA,19,2,3,Mbo niveau 4,3,NA,1,NA,NA,NA,NA,NA,NA,2,NA,5,5,3,NA,NA,NA,NA,NA,NA,NA,2,1,4,2,2,3,4,1,2,1,1,1,1,2,1,4,5,5,3,3,3,3,6,6,7,4,6,5,4,4,4,2,4,4,2,3,2,3,3,4,3,3,3,5,3,5,5,4,2,1,5,4,7,1,7,7,7,7,4,2,4,7,3,3,3,3,4,4,5,2,2,4,3,4,3,1,2,2,4,2,2,5,1,2,2,4,2,3,3,4,2,2,4,2,2,2,4,3,5,5,5
366,1,1,NA,19,2,3,MBO,3,NA,1,NA,NA,NA,NA,NA,NA,7,Via 1 gemeenschappelijke vriendin,3,3,2,NA,NA,NA,NA,NA,NA,NA,2,1,4,2,1,1,1,1,1,1,1,1,1,1,1,3,6,5,4,4,5,5,7,7,7,5,6,6,1,1,1,1,1,4,1,1,1,3,1,1,1,1,1,4,3,3,4,4,2,2,2,5,7,2,7,7,7,7,6,7,7,5,2,1,2,2,4,4,5,2,1,1,2,1,2,2,2,1,4,3,4,4,1,1,2,4,1,3,2,5,1,3,5,1,4,1,4,3,4,4,4
367,1,1,NA,19,2,3,MBO,2,NA,1,NA,NA,NA,NA,NA,NA,2,NA,5,4,8,NA,NA,NA,NA,NA,NA,NA,4,3,7,2,3,1,4,1,1,1,1,1,1,2,1,4,7,5,4,5,4,4,4,4,4,4,4,5,1,4,4,4,2,4,3,1,1,3,3,4,2,2,2,4,3,3,3,4,1,2,3,5,5,2,6,5,7,7,4,6,7,6,3,1,2,3,4,4,4,1,1,2,3,2,5,2,2,3,5,1,5,5,1,1,1,4,1,1,2,5,2,2,5,1,3,2,5,5,3,2,4
368,1,2,NA,19,2,3,Mbo,1,NA,1,NA,NA,NA,NA,NA,NA,2,NA,5,5,2,NA,NA,NA,NA,NA,NA,NA,1,1,5,2,4,4,5,1,1,1,1,1,1,5,1,5,6,1,4,7,1,1,4,4,1,5,1,1,3,3,3,1,3,1,1,3,1,4,1,1,1,3,3,3,5,3,4,5,3,4,4,3,7,2,7,7,7,7,4,7,7,6,2,2,1,1,3,3,4,7,7,2,1,1,3,1,1,1,5,1,5,5,1,1,1,5,1,3,3,5,1,3,5,2,5,4,5,3,4,2,4
468,1,2,NA,19,2,3,Vavo,2,NA,1,NA,NA,NA,NA,NA,NA,2,NA,6,5,3,NA,NA,NA,NA,NA,NA,NA,3,2,3,2,2,2,3,1,2,1,1,1,1,2,2,3,3,3,1,3,3,3,2,2,2,3,4,3,3,4,4,4,4,4,2,4,2,4,3,3,2,2,1,2,4,2,4,4,4,2,4,6,7,3,6,6,6,6,5,6,6,6,2,2,2,1,3,3,3,1,1,2,1,2,6,2,1,1,5,1,5,5,1,1,1,5,1,3,3,5,1,3,5,1,3,1,4,5,6,6,6
370,1,2,NA,19,2,3,MBO,3,NA,1,NA,NA,NA,NA,NA,NA,2,NA,5,5,4,NA,NA,NA,NA,NA,NA,NA,8,4,6,2,5,4,2,1,4,1,1,1,1,4,1,4,5,5,5,2,6,6,7,5,7,5,7,2,4,4,4,4,3,3,1,4,2,3,3,4,1,3,3,2,2,2,4,3,5,1,6,9,7,2,7,7,7,7,3,4,4,8,1,2,4,4,3,3,6,1,1,5,2,5,2,2,6,2,5,1,5,5,1,1,1,5,1,1,2,5,1,4,4,1,5,2,4,5,2,6,4
371,1,2,NA,18,2,3,MBO niv 4,3,NA,1,NA,NA,NA,NA,NA,NA,6,NA,4,2,8,NA,NA,NA,NA,NA,NA,NA,8,8,5,2,3,3,3,1,3,3,3,1,1,3,1,3,7,7,4,1,5,4,6,4,7,6,6,4,3,3,4,1,3,4,1,3,2,3,3,5,1,3,3,4,1,3,6,4,2,1,5,7,7,2,7,7,7,7,7,6,6,4,1,2,1,1,4,4,7,2,2,4,4,3,4,4,4,4,3,5,3,3,3,3,3,3,4,1,2,3,3,2,3,3,3,2,4,4,5,3,4
372,1,2,NA,19,2,1,NA,2,NA,1,NA,NA,NA,NA,NA,NA,2,NA,7,7,4,NA,NA,NA,NA,NA,NA,NA,5,3,4,2,4,4,3,1,2,1,1,1,1,3,1,4,5,4,3,3,3,3,5,4,5,3,6,5,3,3,4,3,2,4,2,4,2,3,3,3,2,3,2,3,3,3,4,3,4,3,2,2,3,2,7,7,6,7,4,3,7,8,2,1,3,4,4,4,5,2,5,2,4,3,4,2,2,2,4,1,4,5,2,2,2,4,2,2,3,4,1,3,4,4,4,2,3,3,4,3,4
376,2,2,NA,24,2,2,NA,3,NA,1,NA,NA,NA,NA,NA,NA,3,NA,2,2,8,NA,NA,NA,NA,NA,NA,NA,5,4,3,2,1,2,2,1,1,1,2,1,2,1,2,4,7,6,5,4,5,4,6,5,7,6,7,3,3,3,4,3,2,2,3,2,2,4,2,2,1,1,3,1,1,1,1,1,1,1,6,5,7,3,7,7,7,7,6,4,6,6,1,3,2,4,6,6,5,1,1,2,1,1,6,1,1,1,5,4,3,5,1,1,1,4,1,3,2,4,1,3,5,3,4,2,4,4,2,1,3
377,2,2,NA,21,1,2,NA,3,NA,1,NA,NA,NA,NA,NA,NA,3,NA,3,1,3,NA,NA,NA,NA,NA,NA,NA,3,2,3,2,3,3,2,1,1,1,1,1,1,3,1,3,4,4,3,4,4,4,6,5,7,5,2,1,3,4,3,1,3,3,3,1,1,4,3,3,1,2,1,3,2,4,3,4,1,2,4,6,7,2,6,7,7,7,3,5,6,8,1,3,4,4,4,6,5,5,1,3,1,1,1,1,1,1,4,2,4,3,1,1,1,4,1,1,1,4,2,4,4,4,5,4,3,2,2,1,1
378,2,2,NA,22,2,2,NA,3,NA,1,NA,NA,NA,NA,NA,NA,3,NA,3,2,2,NA,NA,NA,NA,NA,NA,NA,1,1,2,2,1,1,1,2,1,2,1,1,1,2,1,1,4,4,3,5,4,4,4,4,7,5,1,1,3,3,3,3,3,4,3,3,3,4,3,3,3,4,4,4,2,4,4,2,2,2,3,4,7,1,7,7,7,7,1,2,3,6,1,1,1,1,1,3,5,1,1,2,2,2,5,5,6,4,2,4,1,1,5,4,1,4,4,5,5,2,4,1,5,4,2,3,4,3,1,1,4
379,2,2,NA,21,2,2,NA,3,NA,1,NA,NA,NA,NA,NA,NA,3,NA,3,1,6,NA,NA,NA,NA,NA,NA,NA,6,4,2,2,3,2,4,1,2,2,3,1,1,4,3,4,6,6,4,3,5,6,4,6,6,6,6,4,2,3,4,4,2,3,2,4,2,4,2,2,2,2,2,5,5,3,5,5,4,2,5,6,6,1,7,7,7,7,7,7,7,7,1,2,5,5,5,5,5,2,3,2,1,1,3,1,1,2,5,2,5,5,1,1,1,5,1,1,4,4,2,2,4,2,4,4,4,2,1,1,1
380,2,1,NA,23,1,2,NA,3,NA,1,NA,NA,NA,NA,NA,NA,3,NA,2,2,3,NA,NA,NA,NA,NA,NA,NA,3,1,1,2,1,1,1,1,1,1,1,1,1,1,1,1,4,4,3,3,3,3,4,4,4,2,1,1,4,4,4,4,4,1,3,4,3,3,2,2,3,2,2,3,4,3,3,4,4,3,3,8,7,3,7,7,7,7,6,7,7,7,2,3,6,6,6,6,6,6,6,2,6,2,6,4,4,1,5,1,5,5,2,1,1,5,2,1,1,5,2,5,4,1,5,2,5,4,6,6,6
442,2,2,NA,22,2,2,NA,3,NA,1,NA,NA,NA,NA,NA,NA,3,NA,4,1,2,NA,NA,NA,NA,NA,NA,NA,2,2,5,2,2,3,3,1,1,1,1,1,1,3,1,5,4,4,5,3,4,4,5,5,6,4,1,1,4,4,5,5,5,5,2,2,1,4,2,3,2,2,1,4,1,4,4,4,2,1,5,5,6,2,7,7,7,7,5,6,6,7,2,2,3,2,4,4,4,2,1,2,3,5,3,5,5,2,5,2,5,5,1,1,1,5,1,1,1,4,1,5,4,1,5,2,3,4,5,6,5
382,2,2,NA,21,2,2,NA,3,NA,1,NA,NA,NA,NA,NA,NA,3,NA,3,2,3,NA,NA,NA,NA,NA,NA,NA,3,2,3,2,1,3,3,1,1,2,1,1,1,3,1,3,4,4,3,3,3,3,3,3,5,2,1,1,1,2,2,1,1,1,1,1,1,2,1,1,1,1,1,3,3,3,3,3,3,3,2,6,5,1,6,6,6,6,5,7,7,6,2,3,2,2,3,3,4,3,3,1,5,1,5,1,3,2,4,2,4,4,2,2,3,3,1,3,4,2,1,1,4,4,2,4,5,2,2,2,3
383,2,2,NA,21,1,2,NA,3,NA,1,NA,NA,NA,NA,NA,NA,3,NA,4,3,5,NA,NA,NA,NA,NA,NA,NA,4,4,8,2,3,3,5,2,2,1,1,1,1,5,1,5,7,7,5,7,7,5,6,5,7,7,7,7,4,4,5,1,3,4,1,1,1,3,3,3,1,4,3,5,1,5,5,5,2,1,6,4,6,3,7,7,7,7,5,7,7,9,3,2,4,3,5,7,5,2,1,4,1,5,7,1,1,1,5,1,2,5,1,1,1,5,3,1,2,5,1,4,4,3,5,2,3,3,7,6,6
395,2,2,NA,21,2,2,NA,1,NA,1,NA,NA,NA,NA,NA,NA,3,NA,4,2,5,NA,NA,NA,NA,NA,NA,NA,5,1,1,3,2,4,2,1,1,1,1,1,1,2,1,2,5,5,3,5,4,4,6,6,7,5,2,2,3,4,4,1,3,2,1,3,1,4,1,1,1,3,3,5,3,4,5,5,2,1,4,4,7,1,7,7,7,7,2,7,7,10,3,3,2,2,4,4,4,2,2,5,2,1,5,2,2,1,5,1,4,4,2,1,2,3,1,2,2,4,1,2,4,1,4,3,3,2,1,1,4
396,2,2,NA,19,2,2,NA,1,NA,1,NA,NA,NA,NA,NA,NA,3,NA,1,1,2,NA,NA,NA,NA,NA,NA,NA,1,1,5,2,2,1,3,1,1,1,1,1,1,1,1,3,5,4,4,4,3,3,7,7,7,5,7,5,3,5,5,1,1,1,1,2,1,4,2,2,1,1,2,1,4,1,5,4,5,3,2,2,7,3,7,7,7,7,2,7,7,2,2,1,2,2,4,5,5,3,1,1,3,4,2,3,2,1,4,2,5,5,3,3,4,5,3,2,1,2,3,2,5,3,5,3,4,3,2,3,1
397,2,2,NA,21,2,2,NA,1,NA,6,Duitsland,2018,1,NA,6,Frankrijk,3,NA,2,2,6,NA,NA,NA,NA,NA,NA,NA,6,6,2,2,1,3,3,2,2,1,1,1,1,1,1,2,5,5,4,5,5,5,7,7,7,6,6,5,3,4,4,1,2,2,2,2,2,3,3,2,1,3,4,3,3,3,3,3,3,3,3,1,NA,NA,1,1,7,7,5,1,1,8,4,3,6,2,1,1,3,6,4,3,2,2,2,2,5,4,4,2,4,4,4,2,2,4,2,3,3,4,2,4,4,2,4,2,4,2,3,3,5
398,2,1,NA,25,2,2,NA,1,NA,6,Colombia,2016,6,Colombia,NA,NA,3,NA,4,4,8,NA,NA,NA,NA,NA,NA,NA,8,8,5,2,5,5,5,1,2,2,5,5,1,5,1,5,7,7,1,1,4,3,7,7,7,4,3,3,4,4,4,4,3,3,3,3,2,3,3,3,3,2,3,5,5,5,5,5,2,2,4,3,7,2,7,7,7,7,4,3,3,5,2,1,4,4,4,4,5,3,3,5,4,1,4,1,7,5,5,4,3,3,3,3,3,4,2,1,3,5,2,3,4,1,2,1,4,4,2,4,4
399,1,2,NA,19,2,2,NA,1,NA,1,NA,NA,NA,NA,NA,NA,3,NA,2,1,6,NA,NA,NA,NA,NA,NA,NA,6,5,5,2,3,4,4,4,4,4,3,1,2,4,2,4,6,6,3,4,4,4,5,5,6,5,7,7,3,4,4,3,3,3,3,2,1,4,4,3,1,4,3,5,5,4,5,4,3,2,6,3,5,2,7,7,7,7,4,5,6,8,3,3,4,4,4,4,5,6,5,4,6,5,6,5,6,4,4,5,4,3,3,3,4,4,2,5,5,5,1,1,5,1,2,1,5,5,7,7,7
400,2,2,NA,22,2,2,NA,3,NA,2,NA,1995,2,NA,2,NA,2,NA,5,5,3,NA,NA,NA,NA,NA,NA,NA,3,3,5,2,2,2,2,1,1,1,1,1,1,2,1,2,6,4,5,2,4,4,4,4,7,3,6,6,1,3,4,4,2,3,1,4,2,5,2,4,4,1,1,4,1,1,4,1,1,1,4,4,7,2,7,7,7,7,3,6,6,2,1,2,1,1,4,4,6,2,2,5,6,4,3,2,5,5,4,2,4,2,2,2,2,4,2,4,4,4,2,3,4,3,2,2,4,4,2,2,2
401,1,2,NA,21,2,2,NA,3,NA,1,NA,NA,NA,NA,NA,NA,3,NA,6,5,7,NA,NA,NA,NA,NA,NA,NA,7,8,4,2,2,4,3,2,2,2,1,2,1,3,3,5,6,5,2,2,3,4,6,6,7,6,6,4,3,3,4,2,3,4,4,2,2,4,3,2,2,2,4,4,4,4,4,3,4,2,5,5,6,2,7,7,6,7,5,6,6,7,1,2,3,3,6,6,6,2,2,5,5,3,6,2,2,1,5,2,5,5,1,2,2,4,1,2,4,5,1,2,4,1,4,2,5,4,3,2,2
402,2,2,NA,22,1,2,NA,3,NA,1,NA,NA,NA,NA,NA,NA,2,NA,7,5,6,NA,NA,NA,NA,NA,NA,NA,5,8,1,2,4,4,4,2,2,2,2,2,1,3,2,4,6,6,4,4,5,5,6,6,6,5,6,5,4,4,5,4,2,3,2,3,2,4,4,3,1,4,3,5,5,4,5,2,2,2,5,5,7,2,7,7,6,6,2,6,6,9,3,3,2,2,4,4,5,5,3,2,2,2,3,2,5,2,5,2,4,5,2,2,2,5,1,3,2,5,2,3,4,2,4,2,4,4,3,3,4
403,2,2,NA,23,1,2,NA,3,NA,1,NA,NA,NA,NA,NA,NA,3,NA,6,5,4,NA,NA,NA,NA,NA,NA,NA,4,1,2,2,3,4,3,2,1,1,2,3,1,2,1,2,5,3,3,2,4,3,5,5,6,6,3,3,4,4,4,2,2,1,2,3,2,4,1,1,1,4,3,2,4,2,3,2,1,2,2,5,6,3,6,5,6,5,4,5,5,5,2,2,4,4,4,4,3,5,5,4,2,3,6,3,5,2,5,4,4,4,2,2,2,4,2,3,4,5,2,2,5,3,3,4,5,3,2,2,4
404,1,2,NA,21,2,2,NA,3,NA,1,NA,NA,NA,NA,NA,NA,2,NA,6,5,5,NA,NA,NA,NA,NA,NA,NA,5,8,3,2,2,2,2,1,1,1,1,1,1,2,2,3,6,6,5,5,6,6,6,6,7,5,6,6,4,4,4,2,3,4,1,4,1,3,3,3,1,3,3,4,3,3,3,3,3,3,4,5,7,2,6,6,5,7,5,6,6,8,1,3,4,3,4,7,4,5,5,3,4,2,5,3,5,2,4,2,4,5,2,2,2,4,1,2,1,2,2,3,4,4,4,4,4,2,4,3,3
405,2,2,NA,21 jaar,2,2,NA,3,NA,1,NA,NA,NA,NA,NA,NA,3,NA,7,6,8,NA,NA,NA,NA,NA,NA,NA,8,4,5,2,4,2,4,1,1,1,1,1,1,1,1,4,4,4,4,4,4,4,4,4,4,4,6,4,4,5,5,4,4,2,2,2,1,4,2,2,1,2,2,1,1,1,1,1,1,1,1,5,7,3,7,7,7,7,5,7,7,5,2,3,6,4,6,7,5,4,4,1,1,1,1,1,1,1,5,3,5,5,1,1,1,3,2,3,3,4,1,3,5,2,4,4,5,1,3,3,5
406,2,2,NA,21,2,2,NA,3,NA,1,NA,NA,NA,NA,NA,NA,3,NA,7,6,8,NA,NA,NA,NA,NA,NA,NA,5,8,5,2,4,4,4,2,2,2,1,1,1,4,4,4,5,2,4,3,2,2,5,1,1,5,5,4,4,2,4,4,4,4,3,3,2,4,2,2,2,4,2,4,3,2,5,2,3,2,5,6,6,3,7,7,7,7,4,6,6,6,1,2,3,2,4,4,4,1,1,2,2,2,3,2,3,1,4,2,4,4,2,2,2,4,1,4,4,3,1,2,5,1,2,2,5,2,3,2,4
407,2,2,NA,21,2,2,NA,3,NA,1,NA,NA,NA,NA,NA,NA,3,NA,3,1,5,NA,NA,NA,NA,NA,NA,NA,5,3,3,2,4,4,4,1,2,1,2,2,3,3,2,4,5,5,4,3,4,4,6,5,6,6,5,2,4,4,4,4,4,2,3,2,2,2,2,4,1,3,3,4,2,5,5,4,3,2,3,3,7,2,6,6,7,7,5,5,5,5,2,1,1,1,5,5,6,2,2,2,5,5,3,3,2,4,4,4,4,4,1,2,2,4,1,2,4,3,1,2,5,3,2,4,5,1,2,3,3
408,2,2,NA,21,2,2,NA,3,NA,1,NA,NA,NA,NA,NA,NA,3,NA,4,2,3,NA,NA,NA,NA,NA,NA,NA,3,1,3,2,1,4,2,1,1,1,1,1,1,3,1,5,4,5,5,5,5,5,5,5,6,5,4,4,3,3,4,3,3,1,1,1,1,1,3,3,1,3,4,2,2,2,2,2,2,2,5,5,6,1,7,7,7,7,7,6,6,4,2,3,4,4,4,4,4,2,2,1,1,1,1,1,1,1,5,2,4,5,3,2,2,4,2,2,1,5,1,2,5,3,4,3,4,3,4,1,4
409,2,2,NA,21,2,2,NA,2,NA,1,NA,NA,NA,NA,NA,NA,3,NA,2,1,8,NA,NA,NA,NA,NA,NA,NA,8,8,10,2,5,5,5,1,1,1,1,1,1,5,1,5,6,6,6,4,4,2,4,4,4,6,6,6,4,5,4,4,4,4,2,2,2,2,4,2,4,2,3,5,2,5,3,5,2,3,6,5,7,3,7,7,7,7,2,2,6,3,2,3,2,2,3,4,5,1,1,4,3,5,5,3,5,5,4,1,4,5,2,2,2,5,2,4,4,4,1,3,3,2,3,3,4,2,4,4,4
410,2,2,NA,20,2,2,NA,2,NA,1,NA,NA,NA,NA,NA,NA,3,NA,4,3,4,NA,NA,NA,NA,NA,NA,NA,8,4,8,2,2,4,3,1,1,1,2,2,2,2,2,4,7,7,3,3,4,4,5,5,5,5,7,7,4,3,4,4,1,4,2,1,1,1,2,1,1,2,3,6,2,4,4,3,4,1,4,4,6,2,7,7,7,7,2,1,3,8,1,3,3,4,5,7,7,6,4,3,7,7,7,6,5,2,4,1,1,5,1,1,1,4,2,2,1,5,1,4,4,1,3,1,4,5,7,7,7
440,2,2,NA,30,2,2,NA,2,NA,1,NA,NA,NA,NA,NA,NA,3,NA,6,4,3,NA,NA,NA,NA,NA,NA,NA,2,1,5,3,5,1,1,2,5,3,1,1,1,5,5,5,6,6,2,2,2,2,6,4,4,2,2,2,4,4,3,4,4,5,2,2,2,2,5,4,2,2,2,4,5,4,3,4,3,2,2,2,1,1,7,7,7,7,6,2,2,12,2,2,1,1,4,4,4,1,1,6,6,5,6,1,1,1,5,3,4,4,1,1,1,4,1,1,4,5,1,3,5,1,3,2,5,5,5,1,1
412,2,2,NA,20,1,2,NA,2,NA,1,NA,NA,NA,NA,NA,NA,3,NA,5,3,5,NA,NA,NA,NA,NA,NA,NA,5,8,10,2,5,5,4,1,2,1,1,1,1,5,1,5,7,7,3,5,4,5,4,5,7,5,7,2,5,5,5,5,4,4,1,2,1,2,4,4,1,2,2,5,1,4,4,4,2,2,6,7,7,2,7,7,7,7,3,7,7,7,2,3,3,2,3,3,6,5,2,6,7,6,5,5,5,2,5,4,4,5,4,1,1,4,3,2,3,5,2,2,4,1,2,2,5,4,3,5,6
413,2,3,NA,20,2,2,NA,2,NA,6,Singapore,2000,1,NA,1,NA,3,NA,5,4,5,NA,NA,NA,NA,NA,NA,NA,5,4,4,2,2,4,4,2,2,2,1,1,1,3,1,4,3,3,6,4,5,4,4,4,4,3,6,2,4,4,4,4,4,4,2,2,3,4,3,3,2,2,4,4,5,4,5,4,4,2,4,2,6,2,7,7,7,7,4,6,6,4,1,2,4,4,4,5,5,2,2,2,4,2,6,5,2,2,4,3,3,2,2,2,2,3,1,4,4,5,1,2,5,1,2,1,5,4,2,2,4
414,2,2,NA,23,2,2,NA,2,NA,1,NA,NA,NA,NA,NA,NA,3,NA,5,3,8,NA,NA,NA,NA,NA,NA,NA,4,4,9,2,4,4,2,1,2,2,1,1,1,1,1,4,5,5,3,4,4,4,4,4,7,6,1,1,4,2,2,4,3,4,3,1,1,3,1,1,1,1,1,3,2,2,2,3,2,2,4,2,7,2,7,7,4,7,1,3,3,5,1,3,3,3,4,7,5,2,2,6,1,1,6,1,1,1,5,1,5,5,1,1,1,5,1,1,1,5,1,3,5,1,5,1,5,4,1,1,1
415,2,2,NA,21,2,2,NA,2,NA,1,NA,NA,NA,NA,NA,NA,3,NA,4,4,8,NA,NA,NA,NA,NA,NA,NA,1,1,4,2,3,4,3,2,4,2,1,1,1,4,2,4,6,6,1,1,3,3,5,5,5,5,1,1,2,4,4,2,2,4,4,2,2,2,2,2,2,4,2,3,4,3,5,5,3,3,5,5,7,2,7,7,6,6,4,6,2,7,2,3,4,4,4,4,6,6,2,3,5,2,5,1,1,1,4,2,4,5,2,4,2,4,2,2,4,4,2,4,4,1,4,2,4,3,5,3,6
416,2,2,NA,21,1,2,NA,2,NA,1,NA,NA,NA,NA,NA,NA,3,NA,5,3,5,NA,NA,NA,NA,NA,NA,NA,6,5,7,2,3,3,3,3,3,3,3,3,3,3,3,3,6,6,5,5,5,5,6,4,4,5,6,6,3,4,4,2,3,3,2,2,2,3,2,3,2,3,3,4,4,4,4,4,4,4,4,7,7,3,7,7,7,7,6,7,7,4,3,2,4,4,4,4,4,4,4,4,4,4,4,4,4,4,4,2,4,4,2,2,2,4,3,3,3,3,3,3,3,3,3,3,3,3,5,5,5
417,2,1,NA,20,1,2,NA,2,NA,1,NA,NA,NA,NA,NA,NA,3,NA,6,5,5,NA,NA,NA,NA,NA,NA,NA,5,8,5,2,1,1,1,1,1,1,2,1,1,2,1,5,6,6,5,6,3,4,6,4,7,5,7,1,4,4,4,4,4,5,4,1,1,5,1,2,2,4,5,4,4,4,4,2,2,2,4,6,6,3,7,7,7,7,4,7,7,5,2,2,4,2,4,4,6,4,4,1,5,1,7,6,1,1,5,1,5,5,1,1,1,5,3,2,4,5,4,4,5,1,3,1,4,5,6,2,5
148,1,2,NA,23,1,2,NA,3,NA,1,NA,NA,NA,NA,NA,NA,2,NA,6,6,5,NA,NA,NA,NA,NA,NA,NA,5,8,8,2,3,4,4,2,2,1,3,1,1,3,2,4,6,6,5,4,5,4,6,6,6,6,6,6,4,4,4,4,4,3,3,3,2,4,3,3,1,4,4,4,2,4,4,3,2,2,5,4,7,3,7,7,7,7,5,6,6,4,1,2,4,4,4,4,4,3,3,2,2,2,2,1,2,2,4,1,4,4,1,2,2,4,2,2,4,4,2,2,4,4,2,4,4,3,3,3,4
175,1,2,NA,21,2,3,Tussenjaar,7,Tussenjaar,6,Oostenrijk,1999,1,NA,1,NA,4,NA,6,5,5,NA,NA,NA,NA,NA,NA,NA,5,5,8,2,1,3,2,1,1,1,1,1,1,1,1,5,7,7,6,5,6,6,7,7,7,7,7,7,1,2,4,3,1,4,1,1,1,1,2,2,1,1,1,3,2,3,3,2,2,2,2,2,6,2,7,7,7,7,5,2,2,12,1,3,4,4,4,4,7,5,5,1,1,1,1,1,1,1,5,1,5,5,1,1,1,5,2,1,1,3,3,5,2,1,4,1,2,4,2,2,4
177,1,2,NA,22,2,4,NA,1,NA,1,NA,NA,NA,NA,NA,NA,7,Studentenvereniging,7,6,8,NA,NA,NA,NA,NA,NA,NA,4,4,4,2,3,4,3,1,2,1,1,1,1,2,1,4,6,6,5,3,6,4,6,6,7,7,7,7,4,4,5,3,4,1,1,1,2,2,2,2,1,1,1,5,4,5,5,2,2,2,6,6,7,2,7,7,7,7,6,7,7,8,2,3,5,5,6,6,6,7,6,1,1,1,1,1,1,1,5,1,5,5,1,1,1,5,1,2,1,4,1,5,5,1,5,2,5,4,6,2,6
203,1,2,NA,21,2,1,NA,3,NA,1,NA,NA,NA,NA,NA,NA,2,NA,5,5,8,NA,NA,NA,NA,NA,NA,NA,8,4,6,2,2,4,3,1,2,1,1,1,1,2,2,4,5,5,3,4,5,4,5,4,6,5,7,4,4,4,4,4,3,4,1,2,1,4,3,2,1,2,2,4,3,4,4,4,4,2,4,3,6,2,6,6,7,7,5,7,7,8,2,3,2,2,2,2,4,2,2,3,5,2,5,2,2,2,4,1,5,5,1,1,1,5,2,2,2,5,2,5,4,2,5,2,2,3,4,4,4
204,1,2,NA,21,2,1,NA,3,NA,1,NA,NA,NA,NA,NA,NA,2,NA,7,6,8,NA,NA,NA,NA,NA,NA,NA,5,8,4,2,3,4,4,1,1,1,1,1,1,2,1,4,7,7,6,4,6,6,7,7,7,7,7,7,4,5,4,3,4,3,1,1,1,3,4,5,2,2,3,4,2,4,4,4,4,2,5,5,6,1,7,7,7,7,5,7,7,8,2,3,1,1,1,1,5,1,1,6,5,5,5,3,5,3,5,1,5,5,1,1,1,5,2,3,2,3,1,3,4,2,4,3,4,3,5,5,5
205,1,1,NA,20,2,3,MBO-plus fasttrack 2-jarig,2,NA,1,NA,NA,NA,NA,NA,NA,2,NA,7,5,4,NA,NA,NA,NA,NA,NA,NA,3,3,5,2,2,2,2,1,2,1,1,2,1,5,1,5,7,5,5,4,4,4,4,4,4,3,5,1,4,4,4,4,2,4,3,1,1,2,3,4,2,1,1,2,2,2,2,2,2,2,1,5,7,3,7,7,7,7,4,7,7,12,1,3,1,1,4,4,5,1,1,1,1,1,1,1,1,1,4,3,5,5,3,1,2,4,1,1,4,4,2,4,5,2,5,1,5,2,3,2,6
260,2,2,NA,19,2,2,NA,1,NA,6,Frankrijk,2001,1,NA,1,NA,3,NA,5,5,8,NA,NA,NA,NA,NA,NA,NA,5,3,3,2,2,4,4,1,3,1,3,2,3,3,2,4,5,5,3,3,4,3,4,4,6,4,4,2,4,4,4,3,4,3,4,2,1,4,1,1,1,2,2,4,2,5,4,2,2,2,4,3,6,2,7,7,6,6,5,1,2,5,1,3,3,3,4,4,5,2,2,2,3,2,5,3,3,4,5,2,4,5,2,1,2,4,2,2,4,5,1,4,5,2,3,2,4,3,5,5,5
261,2,2,NA,18,2,2,NA,1,NA,1,NA,NA,NA,NA,NA,NA,3,NA,5,4,4,NA,NA,NA,NA,NA,NA,NA,4,4,6,2,4,4,4,1,1,2,1,1,1,4,1,5,6,6,4,4,4,4,4,6,7,5,6,5,4,4,4,4,4,4,2,2,2,2,2,2,1,2,2,3,2,4,4,2,2,2,5,4,7,2,7,7,7,7,4,5,5,8,3,3,3,3,4,5,5,2,2,2,5,4,5,2,2,2,4,3,2,4,1,2,2,4,1,4,2,3,2,4,5,2,4,3,5,2,5,5,4
262,2,2,NA,22,1,2,NA,1,NA,1,NA,NA,NA,NA,NA,NA,3,NA,4,2,8,NA,NA,NA,NA,NA,NA,NA,8,8,8,2,4,5,5,2,2,2,2,2,2,2,1,4,6,6,4,3,4,4,5,5,6,4,6,5,4,4,4,4,2,4,3,2,2,4,4,4,2,3,3,5,4,4,4,4,2,2,4,2,6,1,7,7,7,7,5,2,3,7,2,1,3,2,3,3,4,3,3,3,4,2,5,3,3,2,4,2,4,5,3,2,2,4,3,2,4,4,2,2,5,4,2,3,4,4,5,4,2
263,2,2,NA,21,2,2,NA,1,NA,1,NA,NA,NA,NA,NA,NA,3,NA,6,5,8,NA,NA,NA,NA,NA,NA,NA,8,3,4,2,4,5,5,1,4,1,2,1,1,4,1,5,6,6,3,3,5,3,6,5,7,5,7,6,4,5,5,3,4,2,1,4,2,4,2,2,1,4,2,4,3,4,4,3,1,1,5,3,6,1,7,7,7,7,6,5,5,12,1,3,3,3,4,4,3,3,3,2,2,5,5,1,1,5,4,4,4,2,2,1,2,3,1,2,4,2,2,2,5,2,4,2,4,2,3,2,2
264,2,2,NA,20,2,2,NA,1,NA,6,Amerika,2002,1,NA,1,NA,3,NA,4,4,3,NA,NA,NA,NA,NA,NA,NA,1,1,4,2,1,2,4,1,1,1,1,1,1,2,1,1,5,5,4,4,4,4,5,5,5,2,1,1,4,4,4,4,4,1,1,1,1,1,1,2,1,3,3,4,4,4,4,4,4,4,4,7,7,2,7,7,7,7,5,7,7,12,1,2,1,1,4,4,5,3,1,1,1,1,4,1,4,1,5,4,4,5,2,1,1,5,1,1,1,5,1,4,5,4,5,1,4,3,4,1,4
450,1,2,NA,18,1,2,NA,1,NA,1,NA,NA,NA,NA,NA,NA,4,NA,7,6,8,NA,NA,NA,NA,NA,NA,NA,8,4,8,2,4,3,1,1,1,1,1,1,1,1,1,1,6,6,4,3,4,4,5,4,6,4,6,4,1,1,1,3,1,4,1,1,1,4,1,1,1,1,1,1,1,1,1,1,1,1,4,5,7,2,7,7,7,7,5,4,4,6,2,1,4,4,4,4,4,4,4,2,1,3,4,1,1,1,5,1,5,4,1,1,1,5,2,1,1,4,1,5,4,1,5,2,4,1,6,4,5
278,1,2,NA,18,1,1,NA,1,NA,1,NA,NA,NA,NA,NA,NA,4,NA,5,5,5,NA,NA,NA,NA,NA,NA,NA,5,8,7,2,5,4,5,1,1,1,3,1,1,3,1,5,5,1,1,2,2,2,5,4,2,4,6,2,3,3,4,2,3,4,2,1,2,3,2,1,1,3,3,4,4,4,4,4,4,4,4,6,7,2,1,1,6,5,4,6,6,4,3,3,3,3,4,4,4,2,2,4,4,4,4,4,4,4,5,1,2,5,2,1,2,5,4,1,1,4,1,3,4,1,3,2,3,3,5,5,5
373,1,2,NA,18,2,3,Mbo,2,NA,1,NA,NA,NA,NA,NA,NA,2,NA,6,6,3,NA,NA,NA,NA,NA,NA,NA,3,1,6,2,3,3,3,1,3,1,2,2,1,3,1,4,5,5,3,4,4,5,4,4,5,5,1,1,3,3,4,3,1,3,2,3,2,4,2,2,1,3,3,5,2,5,5,3,3,4,4,6,7,1,6,6,6,6,5,2,2,12,2,2,3,4,4,4,5,2,2,5,5,4,6,4,2,1,4,2,4,4,2,2,1,4,3,3,1,4,1,3,4,4,4,3,4,4,4,5,5
374,1,2,NA,19,2,3,MBO,3,NA,1,NA,NA,NA,NA,NA,NA,2,NA,2,2,1,1,NA,NA,NA,NA,NA,NA,NA,NA,0,NA,NA,NA,NA,NA,NA,NA,NA,NA,NA,NA,NA,NA,1,1,1,1,1,1,1,1,1,1,1,1,1,4,1,5,1,1,5,5,5,1,1,1,5,1,1,2,2,2,2,2,2,2,1,1,NA,NA,7,7,7,7,4,2,3,10,4,3,4,4,4,4,5,6,5,1,1,1,5,1,1,5,4,1,4,4,4,1,1,4,1,3,4,3,1,3,5,3,2,1,4,3,4,4,4
375,1,1,NA,19,2,3,Vmbo Vavo tl,1,NA,1,NA,NA,NA,NA,NA,NA,2,NA,5,6,3,NA,NA,NA,NA,NA,NA,NA,5,1,5,3,2,2,2,1,2,1,1,1,1,1,1,2,4,4,3,5,4,2,5,3,4,5,4,4,1,2,2,3,1,1,1,1,1,1,1,2,2,2,2,3,4,4,3,4,4,3,2,4,3,2,7,7,7,7,5,1,1,8,2,3,4,4,1,7,5,4,4,1,1,1,2,2,1,1,5,1,3,3,3,2,1,2,1,1,2,5,1,2,5,1,4,1,4,4,2,3,3
385,2,2,NA,21,1,2,NA,3,NA,1,NA,NA,NA,NA,NA,NA,3,NA,3,3,8,NA,NA,NA,NA,NA,NA,NA,8,4,7,2,2,4,2,1,1,1,1,1,1,4,2,4,5,5,4,4,4,4,6,5,6,6,5,5,4,4,4,4,4,3,2,2,2,4,2,4,2,4,4,4,3,4,5,5,3,3,5,3,4,2,7,7,7,7,5,2,2,5,1,2,4,4,4,4,5,2,2,2,1,2,2,1,1,1,5,1,5,5,1,1,1,4,2,1,1,4,1,4,5,1,5,2,5,4,1,1,1
386,2,2,NA,21,2,2,NA,3,NA,1,NA,NA,NA,NA,NA,NA,3,NA,4,4,8,NA,NA,NA,NA,NA,NA,NA,8,2,2,2,4,4,4,1,2,2,1,1,1,4,2,4,6,6,4,4,5,5,5,5,6,5,3,1,4,4,4,3,4,1,1,1,1,4,4,3,1,1,1,4,3,3,4,3,3,3,4,5,7,2,6,6,6,6,5,3,3,7,2,3,5,3,4,5,5,2,2,3,2,2,5,2,5,2,4,2,4,4,2,2,2,4,2,3,4,3,2,3,4,2,4,3,4,2,2,2,5
387,2,1,NA,21,2,2,NA,3,NA,1,NA,NA,NA,NA,NA,NA,3,NA,2,1,8,NA,NA,NA,NA,NA,NA,NA,8,3,2,2,4,4,4,1,1,1,3,1,1,4,1,5,5,4,3,3,5,4,5,5,7,5,7,1,4,4,5,5,4,4,3,1,1,1,3,4,1,1,3,4,1,4,4,1,2,3,5,3,3,1,5,7,7,7,4,1,5,4,1,3,2,2,4,7,4,1,1,5,3,6,6,4,5,2,4,2,4,3,1,3,3,4,4,3,3,2,4,2,4,3,4,4,4,2,5,6,5
388,2,1,NA,21,1,2,NA,3,NA,1,NA,NA,NA,NA,NA,NA,3,NA,4,4,8,NA,NA,NA,NA,NA,NA,NA,8,8,8,2,4,4,4,1,1,1,1,1,1,4,2,4,6,5,4,3,4,4,4,5,6,5,6,4,4,4,4,4,4,4,3,3,2,3,3,3,2,3,4,3,3,3,4,3,2,3,2,4,7,2,6,6,6,6,4,4,4,12,1,1,2,2,4,5,4,2,2,5,6,4,5,5,2,2,4,4,4,5,2,2,2,4,2,2,4,4,2,2,4,3,4,2,4,3,2,2,2
389,2,2,NA,21,1,2,NA,3,NA,1,NA,NA,NA,NA,NA,NA,3,NA,4,2,4,NA,NA,NA,NA,NA,NA,NA,4,3,6,2,3,2,3,1,1,1,2,1,2,1,2,5,5,5,4,5,6,5,5,5,6,4,3,4,4,4,4,2,2,3,2,3,2,2,4,3,2,2,2,2,2,2,2,1,1,1,5,3,7,2,5,6,6,7,5,5,6,7,2,1,4,4,5,5,5,2,2,5,5,5,6,2,2,5,5,2,4,5,1,1,1,3,2,2,2,4,2,4,4,3,5,3,3,2,3,3,5
437,2,2,NA,23,2,2,NA,3,NA,1,NA,NA,NA,NA,NA,NA,3,NA,5,4,8,NA,NA,NA,NA,NA,NA,NA,8,4,4,2,3,2,3,1,1,1,2,2,1,2,1,4,6,6,2,3,2,2,6,2,1,5,5,5,4,4,4,2,2,1,2,1,1,3,3,2,1,2,4,2,2,2,2,2,2,2,4,7,7,3,7,7,6,2,4,6,6,8,2,3,4,4,4,4,6,6,6,3,2,4,1,1,2,3,4,3,3,4,2,2,2,2,2,4,3,5,2,3,3,1,4,2,3,4,1,1,1
391,2,2,NA,21,2,2,NA,3,NA,1,NA,NA,NA,NA,NA,NA,3,NA,4,1,5,NA,NA,NA,NA,NA,NA,NA,5,8,8,2,4,5,5,3,4,2,2,2,1,4,1,4,7,6,4,4,5,4,6,6,6,7,7,6,4,4,5,4,4,3,2,2,1,4,4,4,1,3,3,5,4,5,5,5,1,1,6,3,5,3,7,7,7,7,4,3,6,7,2,3,1,1,4,7,7,1,1,4,7,7,7,6,5,2,5,1,5,5,1,1,1,5,1,3,1,4,1,2,5,2,5,3,5,4,6,5,6
392,2,2,NA,22,2,2,NA,3,NA,6,Verenigd Koninkrijk,1997,1,NA,1,NA,3,NA,3,2,5,NA,NA,NA,NA,NA,NA,NA,5,3,2,2,3,4,4,2,1,2,3,2,3,4,2,4,5,5,3,3,4,4,4,5,5,4,6,6,2,4,4,4,4,2,3,3,2,4,4,3,2,2,1,5,4,3,2,5,5,2,3,4,4,1,7,6,6,6,6,5,5,8,1,1,3,4,3,4,5,3,2,1,3,2,2,2,4,2,4,2,3,2,2,2,2,4,2,3,4,4,1,2,4,2,3,2,5,2,3,3,3
394,2,1,NA,21,1,2,NA,3,NA,1,NA,NA,NA,NA,NA,NA,3,NA,5,5,4,NA,NA,NA,NA,NA,NA,NA,4,3,5,2,2,2,2,1,2,1,1,1,1,4,1,4,6,6,4,5,5,5,6,6,7,5,3,2,2,3,5,4,2,4,2,2,1,4,2,1,1,3,5,5,3,5,5,4,3,1,5,4,7,2,7,7,7,7,5,4,5,6,1,1,3,3,5,6,6,2,2,3,4,6,4,1,2,2,5,2,4,5,1,1,1,4,2,2,2,5,1,4,5,1,5,2,5,5,5,5,6
